Molecule ChEMBL ID,Smiles,pChEMBL Value
CHEMBL1094636,NC(=O)c1cccc2cn(-c3ccc([C@@H]4CCCNC4)cc3)nc12,7.78
CHEMBL3764816,Cn1ncnc1[C@@H]1c2n[nH]c(=O)c3cc(F)cc(c23)N[C@H]1c1ccc(F)cc1,8.96
CHEMBL81977,NC(=O)c1cccc(N)c1,4.95
CHEMBL186383,Oc1nc(CCCN2CC=C(c3ccccc3)CC2)nc2cc(Cl)ccc12,6.6
CHEMBL251027,O=c1[nH]c(CCCN2CC=C(c3ccc(F)cc3)CC2)nc2ccccc12,8.05
CHEMBL184513,Oc1nc(CCCN2CC=C(c3cccc(F)c3)CC2)nc2ccccc12,7.64
CHEMBL184104,Oc1nc(CCCN2CC=C(c3ccccc3F)CC2)nc2ccccc12,7.43
CHEMBL2419698,O=C(c1ccc(F)cc1)C1CCN(CC(=O)N(Cc2nc3c(c(=O)[nH]2)COCC3)Cc2cccs2)CC1,6.85
CHEMBL191469,CN(C)CC(=O)Nc1ccc2c(c1)-c1nc(O)c3ccccc3c1C2,6.1
CHEMBL5882939,CCNc1cnc(N2CCN(c3nc4c(C(N)=O)cccc4[nH]3)CC2)nc1,5.45
CHEMBL5832612,NC(=O)c1cccc2[nH]c(N3CCN(c4ccncn4)CC3)nc12,7.77
CHEMBL5902864,NC(=O)c1cccc2[nH]c(N3CCN(c4nccc(C(F)(F)F)n4)CC3)nc12,6.66
CHEMBL5879067,NC(=O)c1cccc2[nH]c(N3CCN(c4cc(C(F)(F)F)ncn4)CC3)nc12,7.26
CHEMBL5914510,NC(=O)c1cc(F)cc2[nH]c(N3CCN(c4ncc(F)cn4)CC3)nc12,7.58
CHEMBL6019631,CNC(=O)c1cnc(N2CCN(c3nc4c(C(N)=O)cc(F)cc4[nH]3)CC2)cn1,8.15
CHEMBL6010513,NC(=O)c1cc(F)cc2[nH]c(N3CCN(c4cnc(C(F)(F)F)cn4)CC3)nc12,8.05
CHEMBL48391,O=[N+]([O-])c1ccc2nc(O)c3ccccc3c2c1,6.46
CHEMBL108239,O=C(CCn1c2c(c(=O)[nH]c1=O)CSCC2)NCC(=O)N1CCN(c2cccnn2)CC1,7.7
CHEMBL3764670,CN(C)Cc1ccc(C2Nc3cc(F)cc4c(=O)[nH]nc(c34)C2c2ccccc2)cc1,8.48
CHEMBL3765318,O=c1[nH]nc2c3c(cccc13)NC(c1ccc(CN3CCCC3)cc1)C2c1ccc(F)cc1,8.7
CHEMBL3765661,Cn1ncnc1C1c2n[nH]c(=O)c3cc(F)cc(c23)NC1c1cncnc1,8.12
CHEMBL1094636,NC(=O)c1cccc2cn(-c3ccc([C@@H]4CCCNC4)cc3)nc12,8.09
CHEMBL2323534,O=C(N[C@@H]1C[C@@H](O)c2ccccc21)c1cc(Cc2n[nH]c(=O)c3ccccc23)ccc1F,6.24
CHEMBL2323221,O=C1NCC2c3c(cccc31)CCN2C(=O)C1CCCN1C(=O)c1cc(Cc2n[nH]c(=O)c3ccccc23)ccc1F,7.35
CHEMBL2323541,O=C(CCN1CCc2cccc3c2C1CNC3=O)NCC(=O)N1CCN(c2ccccc2F)CC1,5.05
CHEMBL3902201,CC1CN(C(=O)c2cc(Cc3n[nH]c(=O)c4ccccc34)ccc2F)C(Cc2ccccc2)c2nnc(C(F)(F)F)n21,6.51
CHEMBL4453336,COc1cc(O)c(Cl)c(C)c1-c1cc(O)c(Cl)c2cc3c(c(O)c12)C(=O)c1c(O)c(Cl)c(O)c(Cl)c1C3(C)C,5.23
CHEMBL4475087,COc1cc(O)c(Cl)c(C)c1-c1cc(O)cc2cc3c(c(O)c12)C(=O)c1c(O)c(Cl)c(O)c(Cl)c1C3(C)C,6.02
CHEMBL4525998,O=C(c1cc(Cc2n[nH]c(=O)c3ccccc23)ccc1F)N1CCN(c2nc(-c3ccc4[nH]ccc4c3)nc(N3CCOCC3)n2)CC1,9.16
CHEMBL4436366,Nc1cc(-c2nc(N3CCOCC3)nc(N3CCN(C(=O)c4cc(Cc5n[nH]c(=O)c6ccccc56)ccc4F)CC3)n2)ccc1F,8.96
CHEMBL4551630,Nc1ccc(-c2nc3c(c(N4CCOCC4)n2)CCN(C(=O)c2cc(Cc4n[nH]c(=O)c5ccccc45)ccc2F)C3)cn1,8.1
CHEMBL4593274,O=C(c1cc(Cc2n[nH]c(=O)c3ccccc23)ccc1F)N1CCc2c(nc(-c3cccc4[nH]ccc34)nc2N2CCOCC2)C1,8.31
CHEMBL201907,O=C1NC(=O)c2c1c1c(c3[nH]ccc23)CCC1,7.4
CHEMBL201931,O=C1NCc2c1c1c(c3[nH]c4ccccc4c23)CCC1,7.05
CHEMBL421646,O=c1[nH]c(=O)c2ccccc2[nH]1,5.09
CHEMBL3291315,COc1cccc(CN2CCN(C(=O)c3cc4[nH]c(=O)c5ccccc5c4n3C)CC2)c1,6.4
CHEMBL3291321,CN(C)CCCNC(=O)c1cc2[nH]c(=O)c3ccccc3c2n1C,6.52
CHEMBL1094636,NC(=O)c1cccc2cn(-c3ccc([C@@H]4CCCNC4)cc3)nc12,8.42
CHEMBL4533690,O=C(NC1CCN(CC2CC2)C1)c1cc(Cn2c(=O)[nH]c(=O)c3ccccc32)ccc1F,7.88
CHEMBL4569989,NC(=O)c1cccc2[nH]c(CN3CCC(C(=O)Nc4cc5ccccc5cn4)CC3)nc12,8
CHEMBL5819002,O=C(CCCc1nc2ccccc2c(=O)[nH]1)N1CCC(c2noc3ccc(F)cc23)CC1,5.25
CHEMBL5878163,O=C(CCSc1nc2ccccc2c(=O)[nH]1)N1CCC(c2nnc(-c3ccccc3)o2)CC1,5.82
CHEMBL107764,O=C(CCn1c2c(c(=O)[nH]c1=O)CSCC2)NCC(=O)c1ccc(-c2cccnc2)cc1,7.92
CHEMBL595692,O=C1NCC2c3c(cccc31)CCN2C(=O)NCc1ccccc1,7.92
CHEMBL595694,O=C1NCC2c3c(cccc31)CCN2C(=O)OCc1ccccc1,7.85
CHEMBL592910,O=C1NCC2c3c(cccc31)CCN2C(=O)c1ccc(C(=O)N2CCCNCC2)cc1,6.89
CHEMBL595926,O=C1NCC2c3c(cccc31)CCN2C(=O)Cc1cccc(Cl)c1,8.3
CHEMBL595927,O=C1NCC2c3c(cccc31)CCN2C(=O)Cc1ccccc1Cl,7.8
CHEMBL595018,O=C1NCC2c3c(cccc31)CCN2C(=O)Cc1cccnc1,9
CHEMBL109064,Oc1nc2ccccc2c2ncccc12,5.54
CHEMBL593124,CN1CCC(C(=O)Nc2ccc(-n3cc4cc(F)cc(C(N)=O)c4n3)cc2)CC1,7.8
CHEMBL595716,NC(=O)c1cccc2cn(-c3ccc(C(=O)NCCN4CCCCC4)cc3)nc12,7.42
CHEMBL609002,O=C1NCC2c3c(cccc31)CCN2C(=O)CCc1cnccn1,8.22
CHEMBL3237590,O=C(c1cccc(Cc2n[nH]c(=O)c3ccccc23)c1)N1CCN(/[N+]([O-])=N/Oc2ccc([N+](=O)[O-])cc2[N+](=O)[O-])CC1,6.91
CHEMBL16861,Cc1ccc(-c2cc(=O)c3ccccc3o2)cc1,4.6
CHEMBL493307,O=C(c1cc(Cc2n[nH]c(=O)c3ccccc23)ccc1F)N1CCN(CCO)CC1,7.92
CHEMBL523058,O=C(c1cc(Cc2n[nH]c(=O)c3ccccc23)ccc1F)N1CCN(c2ccccn2)CC1,8.7
CHEMBL494875,O=C(c1cc(Cc2n[nH]c(=O)c3ccccc23)ccc1F)N1CCCN(C(=O)C2CC2)CC1,7.92
CHEMBL523879,CC(=O)N1CCCN(C(=O)c2cc(Cc3n[nH]c(=O)c4ccccc34)ccc2F)CC1,7.92
CHEMBL524165,O=C(c1cc(Cc2n[nH]c(=O)c3ccccc23)ccc1F)N1CCN(C(=O)C2CCOC2)CC1,8.7
CHEMBL492671,O=C(c1cc(Cc2n[nH]c(=O)c3ccccc23)ccc1F)N1CCN(C(=O)C2CCCO2)CC1,8.52
CHEMBL4086413,CC(C)CN1CCN(C(=O)c2nc3c(C(N)=O)cccc3[nH]2)CC1,7.09
CHEMBL506871,C[C@]1(c2nc3c(C(N)=O)cccc3[nH]2)CCCN1,8.29
CHEMBL3644772,CCN(CC)CCN(C)Cc1ccc2c(c1)-c1n[nH]c(=O)c3cccc(c13)O2,7
CHEMBL3644776,O=c1[nH]nc2c3c(cccc13)Oc1ccc(CN3CCC(CCO)CC3)cc1-2,7
CHEMBL3644778,O=c1[nH]nc2c3c(cccc13)Oc1ccc(CN3CCCC(O)C3)cc1-2,7.3
CHEMBL3644780,O=c1[nH]nc2c3c(cccc13)Oc1ccc(CNCCN3CCOCC3)cc1-2,7.3
CHEMBL446240,Nc1cccc2c(=O)[nH]ccc12,5.75
CHEMBL481591,COc1ccc(-c2ccc3cccc(C(N)=O)c3n2)cc1,5.96
CHEMBL502330,NC(=O)c1cccc2cccnc12,5.72
CHEMBL595230,CN1CCC[C@@H](C(=O)Nc2ccc(-n3cc4cc(F)cc(C(N)=O)c4n3)cc2F)C1,7.92
CHEMBL593610,CNCc1ccc(-n2cc3cccc(C(N)=O)c3n2)cc1C(F)(F)F,8.3
CHEMBL610491,NC(=O)c1cccc2cn(-c3ccc(NC(=O)C4CNC4)cc3)nc12,8
CHEMBL596142,NC(=O)c1cccc2cn(-c3ccc(C(=O)Nc4ccncc4)cc3)nc12,7.52
CHEMBL594759,Nc1cccc2c1CCNC2=O,6.39
CHEMBL594599,O=C1NCC2c3c(cccc31)CCN2S(=O)(=O)Cc1ccccc1,7.08
CHEMBL594976,O=C1NCC2c3c(cccc31)CCN2C(=O)Cc1ccc(Cl)cc1,8.3
CHEMBL593593,O=C1NCC2c3c(cccc31)CCN2C(=O)Cc1ccncc1,8
CHEMBL595680,CN(C)C(=O)CCC(=O)N1CCc2cccc3c2C1CNC3=O,8.05
CHEMBL596168,O=C1NCC2c3c(cccc31)CCN2C(=O)c1ccccc1,8.4
CHEMBL611621,N#Cc1ccc(CC(=O)N2CCc3cccc4c3C2CNC4=O)cc1,8.05
CHEMBL2323533,O=C(N[C@@H]1C[C@H](O)c2ccccc21)c1cc(Cc2n[nH]c(=O)c3ccccc23)ccc1F,5.32
CHEMBL2323227,O=C(c1cc(Cc2n[nH]c(=O)c3ccccc23)ccc1F)N1CCc2cccc3c2C1CC3O,4.06
CHEMBL2323224,O=C(c1cc(Cc2n[nH]c(=O)c3ccccc23)ccc1F)N1Cc2cccc3c2C(C1)NCC3,5.86
CHEMBL2323219,Cc1cc(Cc2ccc(F)c(C(=O)N3CCc4cccc5c4C3CNC5=O)c2)n[nH]c1=O,6.68
CHEMBL559385,O=C(c1cc2[nH]c(=O)c3ccccc3n2n1)N1CCC(CN2CCOCC2)CC1,5.96
CHEMBL110381,Oc1nc2ncccc2c2ccccc12,6.51
CHEMBL323384,CC(C)(C)OC(=O)N1C[C@H]2C[C@@H]1CN2c1ccc2nc(O)c3ccccc3c2n1,6.11
CHEMBL3929889,CN(C)CCn1c2c3c4c(cc(F)cc41)C(=O)NN=C3CC(C)(C)C2,8.19
CHEMBL542927,Cl.O=C(CN1CCCCC1)Nc1ccc2nc(O)c3ccccc3c2n1,6.82
CHEMBL569363,O=C1NCCc2c1ccc1[nH]cc(CCNCc3cn[nH]c3)c21,6.47
CHEMBL562331,CN1CCC(C(=O)NCCc2c[nH]c3ccc4c(c23)CCNC4=O)C1,7.28
CHEMBL563634,O=C1NCCc2c1ccc1[nH]cc(CCNC(=O)C3CCN(c4ncccn4)CC3)c21,6.92
CHEMBL106154,Nc1cnc2c(c1)[nH]c(=O)c1ccccc12,6.75
CHEMBL3644565,O=c1[nH]nc2c3c(cccc13)N=C(CN1CCN(c3ccc(Cl)cc3)CC1)N2,8.05
CHEMBL590400,O=C(c1cc(Cc2c[nH]c(=O)c3cc(Cl)c(Cl)n23)ccc1F)N1CCN(C2CCCCC2)CC1,7.85
CHEMBL589574,CCCCN1CCN(C(=O)c2cc(Cc3c[nH]c(=O)c4cc(Cl)c(Cl)n34)ccc2F)CC1,7.89
CHEMBL590880,O=C(c1cc(Cc2c[nH]c(=O)c3cc(Cl)c(Cl)n23)ccc1F)N1CCNCC1,8.64
CHEMBL494505,CCC(=O)N1CCN(C(=O)c2cc(Cc3n[nH]c(=O)c4ccccc34)ccc2F)CC1,8.3
CHEMBL503239,O=C(c1cc(Cc2n[nH]c(=O)c3ccccc23)ccc1F)N1CCN(CC2CC2)CC1,8.4
CHEMBL521815,CN1CCN(C(=O)c2cc(Cc3n[nH]c(=O)c4ccccc34)ccc2F)CC1,7.89
CHEMBL493498,CCS(=O)(=O)N1CCN(C(=O)c2cccc(Cc3n[nH]c(=O)c4ccccc34)c2)CC1,7.92
CHEMBL495483,O=C(c1cccc(Cc2n[nH]c(=O)c3ccccc23)c1)N1CCCN(Cc2ccccc2)CC1,7.75
CHEMBL505041,O=C(c1cccc(Cc2n[nH]c(=O)c3ccccc23)c1)N1CCCN(CCO)CC1,7.75
CHEMBL522487,O=C(c1cc(Cc2n[nH]c(=O)c3ccccc23)ccc1F)N1CCN(C(=O)C2CCCCC2)CC1,7.82
CHEMBL5088094,CCCN1CCN(C(=O)c2cc(Cn3c(=O)[nH]c(=O)c4ccccc43)ccc2F)C[C@H]1CC,7.85
CHEMBL5094748,CC[C@H]1CN(C(=O)c2cc(Cn3c(=O)[nH]c(=O)c4ccccc43)ccc2F)CCN1C(=O)C1CC1,7.62
CHEMBL3644601,O=c1[nH]nc2c3c(cccc13)N=C(CN1CCN(S(=O)(=O)c3cccc(C(F)(F)F)c3)CC1)N2,7.85
CHEMBL3644610,Nc1ccc(S(=O)(=O)N2CCCN(CC3=Nc4cccc5c(=O)[nH]nc(c45)N3)CC2)cc1,7.82
CHEMBL3644574,CN1CCN(CC2=Nc3cccc4c(=O)[nH]nc(c34)N2)CC1,7.46
CHEMBL3644575,O=c1[nH]nc2c3c(cccc13)N=C(CN1CCCN(Cc3ccccc3)CC1)N2,7.41
CHEMBL3644580,O=C(c1cccc(Cl)c1)N1CCCN(CC2=Nc3cccc4c(=O)[nH]nc(c34)N2)CC1,7.54
CHEMBL3644597,COc1ccc(S(=O)(=O)N2CCN(CC3=Nc4cccc5c(=O)[nH]nc(c45)N3)CC2)cc1,7.28
CHEMBL3644598,O=c1[nH]nc2c3c(cccc13)N=C(CN1CCN(S(=O)(=O)c3cccc(F)c3)CC1)N2,7.82
CHEMBL251030,O=c1[nH]c(CCCN2CC=C(c3ccc(F)cc3)CC2)nc2c(Cl)cccc12,7.89
CHEMBL248648,O=c1[nH]c(C2=C[C@@H](N3CCC(c4ccccc4)CC3)CC2)nc2c(Cl)cccc12,8.06
CHEMBL481603,N#Cc1ccc(-c2cnc3cccc(C(N)=O)c3n2)cc1,7
CHEMBL190434,O=S(=O)(NCCCN1CCOCC1)c1ccc2c(c1)Cc1c-2nc(O)c2ccccc12,9
CHEMBL551001,NCCc1c[nH]c2ccc3c(c12)CCNC3=O,7.4
CHEMBL521686,O=C(c1cc(Cc2n[nH]c(=O)c3ccccc23)ccc1F)N1CCN(C(=O)C2CC2)CC1,5.15
CHEMBL246565,NC(CCCc1nc(-c2ccc3[nH]c4c5c(c6c(c4c3c2)C(=O)NC6=O)CCC5)cs1)C(=O)O.O=C(O)C(F)(F)F,7.66
CHEMBL395610,CCCCC(=O)NCc1nc(-c2ccc3[nH]c4c5c(c6c(c4c3c2)C(=O)NC6=O)CCC5)cs1,7.25
CHEMBL557175,Br.NCc1nc(-c2ccc3[nH]c4c5c(c6c(c4c3c2)C(=O)NC6=O)CCC5)cs1,7.38
CHEMBL397772,Nc1nc(-c2ccc3[nH]c4c5c(c6c(c4c3c2)C(=O)NC6=O)CCC5)cs1,7.6
CHEMBL195913,O=C1CCC(=O)N1c1cc(Cc2n[nH]c(=O)c3ccccc23)ccc1Cl,7.72
CHEMBL133694,NC(=O)c1cccc2[nH]cnc12,6.62
CHEMBL203982,O=C1NCc2c1c1c(c3[nH]c4ccc(C(=O)N5CCOCC5)cc4c23)CCC1,7.08
CHEMBL383442,N#Cc1ccc2[nH]c3c4c(c5c(c3c2c1)CNC5=O)CCC4,7.75
CHEMBL383716,O=C1NCc2c1c1c(c3[nH]c4ccc(Br)cc4c23)CCC1,7.52
CHEMBL111606,O=C(CCn1c2c(c(=O)[nH]c1=O)CSCC2)NCC(=O)c1ccc(Cl)cc1,7.22
CHEMBL596091,O=c1[nH]c2c(nc3ccccn32)c2ccccc12,6.07
CHEMBL81977,NC(=O)c1cccc(N)c1,4.48
CHEMBL1935257,CN(CC(=O)OC(C)(C)C)CC(=O)c1ccc2[nH]c3c4c(c5c(c3c2c1)C(=O)NC5=O)CCC4,7.72
CHEMBL1935258,CN(CC(=O)O)CC(=O)c1ccc2[nH]c3c4c(c5c(c3c2c1)C(=O)NC5=O)CCC4.O=C(O)C(F)(F)F,8.1
CHEMBL1935276,O=C1CCC(c2ccc3[nH]c4c5c(c6c(c4c3c2)C(=O)NC6=O)CCC5)=NN1,7.77
CHEMBL193336,O=C1NC(CCCN2CC=C(c3ccccc3)CC2)=NC2CCCCC12,7.7
CHEMBL193679,O=C1NC(CCCN2CC=C(c3ccccc3)CC2)=NC2CCCCCC12,6.3
CHEMBL198355,Oc1nc2cc(CN3CC=C(c4ccccc4)CC3)ccc2c2ccccc12,7.8
CHEMBL193917,CCS(=O)(=O)Nc1cccc(Cc2nnc(O)c3ccccc23)c1,6.54
CHEMBL196444,O=C1CCC(=O)N1c1cc(Cc2n[nH]c(=O)c3ccccc23)ccc1F,8.3
CHEMBL370838,CC1CC(=O)N(c2cc(Cc3n[nH]c(=O)c4ccccc34)ccc2F)C1=O,8.42
CHEMBL550370,Cc1ccc(-c2cc3[nH]c(=O)c4ccccc4n3n2)cc1,6.3
CHEMBL560176,CN1CCN(C(=O)c2cc3[nH]c(=O)c4ccccc4n3n2)CC1,6.52
CHEMBL202313,CCOC(=O)C1CCN(C(=O)c2cccc(Cc3nnc(O)c4ccccc34)c2)CC1,7.82
CHEMBL108106,CCN(CC)CCNc1ccc2nc(O)c3ccccc3c2n1,6.76
CHEMBL322268,O=C(CCn1c2c(c(=O)[nH]c1=O)CCCC2)NCC(=O)N1CCN(c2ccccc2)CC1,6.7
CHEMBL603873,CN(C)C(=O)C(=O)N1CCN(C(=O)c2cc(Cc3c[nH]c(=O)c4cc(Cl)c(Cl)n34)ccc2F)CC1,8.7
CHEMBL597116,CN(C)S(=O)(=O)N1CCN(C(=O)c2cc(Cc3c[nH]c(=O)c4cc(Cl)c(Cl)n34)ccc2F)CC1,8.62
CHEMBL201931,O=C1NCc2c1c1c(c3[nH]c4ccccc4c23)CCC1,7.25
CHEMBL204849,O=C(O)c1ccc2[nH]c3c4c(c5c(c3c2c1)CNC5=O)CCC4,7.1
CHEMBL201883,Cc1ccc2[nH]c3c4c(c5c(c3c2c1)CNC5=O)CCC4,6.7
CHEMBL597541,Cc1c(Cc2ccc(F)c(C(=O)N3CCC4(CCNC4)CC3)c2)n[nH]c(=O)c1C,8.33
CHEMBL597313,CNC1(C(=O)N2CCN(C(=O)c3cc(Cc4n[nH]c(=O)c(C)c4C)ccc3F)CC2)CCCC1,8.57
CHEMBL592230,CCC1(C(=O)N2CCN(C(=O)c3cc(Cc4n[nH]c(=O)c(C)c4C)ccc3F)CC2)CCCN1,8.42
CHEMBL590548,Cc1c(Cc2ccc(F)c(C(=O)N3CCN(C(=O)[C@]4(Cc5ccc(F)cc5)CCCN4)CC3)c2)n[nH]c(=O)c1C,8.6
CHEMBL606029,O=C(c1cc(Cc2c[nH]c(=O)c3cc(Cl)c(Cl)n23)ccc1F)N1CCC2(CCCN2)CC1,8.6
CHEMBL3105883,NC(=O)n1ccc2ccc(-c3ccc[nH]3)nc21,6.03
CHEMBL3290464,NC(=O)c1cc(F)cc2c1OCC2,5.67
CHEMBL3290472,COc1ccc(/C=C2\Oc3c(C(N)=O)cccc3C2=O)cc1,5.48
CHEMBL5765641,CC(O)c1cccnc1N1CCP(=O)(c2cc(Cc3n[nH]c(=O)c4ccccc34)ccc2F)CC1,6.26
CHEMBL1098298,NC(=O)c1cccc2cn(-c3ccc(C4CCCNC4)cc3)nc12,8.49
CHEMBL1094961,CNC(C)(C)c1ccc(-n2cc3cccc(C(N)=O)c3n2)cc1,7.8
CHEMBL298450,Oc1nc2cc(Cl)ccc2c2ccc(Cl)cc12,6.62
CHEMBL371205,COc1ccc(Cc2n[nH]c(=O)c3ccccc23)cc1N1C(=O)CCC1=O,7.48
CHEMBL455549,NC(=O)c1ccccc1OCc1ccc(F)c(C(=O)N2CCNCC2)c1,7.21
CHEMBL480710,NC(=O)c1ccccc1OCc1cccc(C(=O)N2CCNCC2)c1,7.75
CHEMBL430707,O=C(CCn1c2c(c(=O)[nH]c1=O)CSCC2)NCC(=O)N1CCN(c2ccccn2)CC1,7.46
CHEMBL108919,O=C(CCn1c2c(c(=O)[nH]c1=O)CSCC2)NCC(=O)c1ccc(N2CCCC2)cc1,7.92
CHEMBL110682,O=c1[nH]c(=O)n(CCCCN2CCN(c3ncccn3)CC2)c2c1CCCC2,5.52
CHEMBL110681,CN(CC(=O)c1ccc2ccccc2c1)C(=O)CCn1c2c(c(=O)[nH]c1=O)CCCC2,6.4
CHEMBL380809,Cc1c2c(c3c([nH]c4ccccc43)c1C)C(=O)NC2=O,6.16
CHEMBL202426,O=C1NCc2c3c(c4[nH]c5ccccc5c4c21)CCC3,5
CHEMBL370869,O=C1NC(=O)c2c1ccc1[nH]c3ccccc3c21,5
CHEMBL520943,CC(Oc1ccccc1)C(=O)N1CCN(C(=O)c2cccc(CCOc3ccccc3C(N)=O)c2)CC1,6.7
CHEMBL6013252,CCc1cc2ncc(CN3CCN(c4ccncn4)CC3)cc2[nH]c1=O,8.19
CHEMBL6044701,CCc1cc2ncc(CN3CCN(c4ccc(C(=O)NC)c(=O)n4C)[C@@H]4C[C@@H]43)cc2[nH]c1=O,8.07
CHEMBL5855240,Cc1cc2ncc([C@H](C)N3CCN(c4ccc(C(=O)NC5CC5)nc4)CC3)cc2[nH]c1=O,7.8
CHEMBL419424,NC(=O)c1cccc(O)c1,5.04
CHEMBL5943427,CCc1nc2ccc(CN3CCN(c4ccc(C(=O)NC)nc4C(F)(F)F)CC3)cc2[nH]c1=O,8.05
CHEMBL338314,Oc1cccc2c(O)nccc12,6.41
CHEMBL1171298,CCc1cc2cc(C(CCN3CCCCC3)Cc3ccc4c(c3)OCCO4)ccc2[nH]c1=O,8.04
CHEMBL321703,O=C(CCn1c2c(c(=O)[nH]c1=O)CSCC2)NCC(=O)c1ccc(-c2ccncc2)cc1,7.82
CHEMBL3649729,O=c1[nH]c2ccc(OCCO)cc2c2c1CCCN2,5.97
CHEMBL5427365,NC(=O)c1ccccc1OCc1cccc(NC(=O)c2ccc(Cl)cc2)c1,8.89
CHEMBL521686,O=C(c1cc(Cc2n[nH]c(=O)c3ccccc23)ccc1F)N1CCN(C(=O)C2CC2)CC1,8.22
CHEMBL594453,O=c1[nH]c2c(nc3ccc(Cl)cn32)c2ccccc12,4.83
CHEMBL594215,O=c1[nH]c2c(nc3ncccn32)c2ccccc12,5.24
CHEMBL594216,O=c1[nH]c2c(nc3c4ccccc4ccn32)c2ccccc12,5.39
CHEMBL1094960,CNC(C)c1ccc(-n2cc3cccc(C(N)=O)c3n2)cc1,8.43
CHEMBL1092777,CCN1CCCC(Oc2ccc3[nH]c(=O)c4c(c3c2)CCSC4)C1,7.6
CHEMBL571900,O=C1NCCc2c1ccc1[nH]cc(CCNCc3ccccc3)c21,6.96
CHEMBL564695,O=C1NCCc2c1ccc1[nH]cc(CCNC(=O)C3CCN(c4ccncc4)CC3)c21,7.39
CHEMBL551812,CN(C)CC(=O)NCCc1c[nH]c2ccc3c(c12)CCNC3=O,6.89
CHEMBL560132,O=C(NCCc1c[nH]c2ccc3c(c12)CCNC3=O)c1ccncc1,7.01
CHEMBL3105877,COc1ccc(-c2ccc3ccn(C(N)=O)c3n2)cc1,5.42
CHEMBL3105884,NC(=O)n1ccc2ccc(-c3ccc(C(=O)N4CCCCC4)cc3)nc21,5.54
CHEMBL3105887,CN1CCN(Cc2ccc(-c3ccc4ccn(C(N)=O)c4n3)cc2)CC1,5.81
CHEMBL64780,O=c1cc(-c2ccc([N+](=O)[O-])cc2)oc2ccccc12,5.58
CHEMBL1173055,CNCc1ccc(-c2[nH]c3cc(F)cc4c3c2CCNC4=O)cc1,9.1
CHEMBL1094039,CCCN1CCC(Oc2ccc3[nH]c(=O)c4c(c3c2)CCSC4)CC1,7.38
CHEMBL1092143,CC(C)CCN1CCC(Oc2ccc3[nH]c(=O)c4c(c3c2)CCSC4)CC1,7.15
CHEMBL1090018,O=c1[nH]c2ccc(OC3CCN(c4ccccc4)CC3)cc2c2c1CSCC2,6.16
CHEMBL1093295,O=c1[nH]c2ccc(OC3CCCNC3)cc2c2c1CSCC2,7.55
CHEMBL84741,O=C(CCN1CCCCC1)N1CCc2nc(O)c3ccccc3c2C1,7.38
CHEMBL606029,O=C(c1cc(Cc2c[nH]c(=O)c3cc(Cl)c(Cl)n23)ccc1F)N1CCC2(CCCN2)CC1,8.6
CHEMBL596713,O=C(c1cc(Cc2c[nH]c(=O)c3cc(Cl)c(Cl)n23)ccc1F)N1CCN(c2ncnc3ccccc23)CC1,8.85
CHEMBL598543,CC(C)(C)C(=O)N1CCN(C(=O)c2cc(Cc3c[nH]c(=O)c4cc(Cl)c(Cl)n34)ccc2F)CC1,9
CHEMBL5279214,CC(C)(O)c1ccc(-c2cn3cccc3c(=O)[nH]2)cc1,6.04
CHEMBL312316,O=C(CN1CCN(C2CCCC2)CC1)N1CCc2c(nc(O)c3ccccc23)C1,6.94
CHEMBL3913432,CC(C)(NC(=O)OCc1ccccc1)C(=O)N1CCC2=C(C1)Nc1cccc3c(=O)[nH]nc2c13,7.64
CHEMBL3939375,O=c1[nH]nc2c3c(cccc13)NC1=C2CCN(Cc2ccccc2)C1,8.06
CHEMBL3963289,CC(C)(C)OC(=O)N[C@@H](Cc1ccccc1)C(=O)N1CC2=NNC(=O)c3cccc4[nH]c(c2c34)C1,7
CHEMBL3901034,CC1(C)CC2=NNC(=O)c3c(F)ccc4[nH]c(c2c34)C1,8.04
CHEMBL3975917,CN(C)CCn1c2c3c4c(cccc41)C(=O)NN=C3CC(C)(C)C2,8.26
CHEMBL202387,CN(C)CCN(C)C(=O)c1cccc(Cc2nnc(O)c3ccccc23)c1,7.34
CHEMBL381382,O=C(NC1CCCC1)C1CCN(C(=O)c2cccc(Cc3nnc(O)c4ccccc34)c2)CC1,7.82
CHEMBL448447,CCOC(=O)CCC(=O)Nc1nc2c(s1)CCCC2,4.91
CHEMBL480234,O=c1[nH]c2ccc(CCN3CC=C(c4ccccc4)CC3)cc2c2ccccc12,7.34
CHEMBL2407989,CCOc1cc(CN2CCN(c3ccc(C(=O)NC)cc3C)CC2)cc2c1OC(C)C(=O)N2,7.46
CHEMBL2407978,CCNC(=O)c1ccc(N2CCN(Cc3cc4c(c(OC)c3)OC(C)C(=O)N4)CC2)cc1,7.64
CHEMBL2407972,CCNC(=O)c1ccc(N2CCN(Cc3ccc4c(c3)NC(=O)C(C)O4)CC2)cc1,7.66
CHEMBL125200,Cc1cccc2c1CCNC2=O,6.8
CHEMBL82336,O=C(CCN1CCC(N2CCCC2)CC1)N1CCc2nc(O)c3ccccc3c2C1,7
CHEMBL5199558,Cc1ccc2c(=O)[nH]c(-c3ccc(C(C)(C)O)cc3)cn12,6.03
CHEMBL5271127,Cc1ccc2c(=O)[nH]c(-c3ccc(C4(O)CC4)cc3)cn12,6.48
CHEMBL596702,Cc1c(Cc2ccc(F)c(C(=O)N3CCN(C(=O)C4(N5CCCC5)CCCC4)CC3)c2)n[nH]c(=O)c1C,8.57
CHEMBL605552,Cc1c(Cc2ccc(F)c(C(=O)N3CCN(C(=O)C4(C)CCCN4)CC3)c2)n[nH]c(=O)c1C,8.55
CHEMBL576423,NC(=O)c1cccc2[nH]c(-c3ccc(-c4ccccn4)cc3)nc12,7.08
CHEMBL3593985,CC(=O)Nc1cccc(-c2ccc(-c3nc4c(C(N)=O)cccc4[nH]3)cc2)c1,6.34
CHEMBL3593991,NC(=O)c1cccc2[nH]c(-c3ccc(-c4ccc(OCCCN5CCCCC5)cc4)cc3)nc12,5.64
CHEMBL3593994,CCC(=O)Nc1ccc(-c2ccc(-c3nc4c(C(N)=O)cc(F)cc4[nH]3)cc2)cc1,5.76
CHEMBL3593995,NC(=O)c1cc(F)cc2[nH]c(-c3ccc(-c4cccc(NC(=O)C5CC5)c4)cc3F)nc12,5.89
CHEMBL2237212,O=C(c1ccc2[nH]c(=O)c3c(c2c1)CCSC3)N1CCN(C2CCCCC2)CC1,7.17
CHEMBL2237226,CCN1CCN(C(=O)c2ccc3[nH]c(=O)c4c(c3c2)CCSC4)CC1,7.33
CHEMBL2237235,NCCCNC(=O)c1ccc2[nH]c(=O)c3c(c2c1)CCSC3,7.52
CHEMBL1089332,O=c1[nH]c2ccc(OC3CCN(CCN4CCCCC4)CC3)cc2c2c1CSCC2,6.76
CHEMBL3577701,COc1ccc2c(c1)C(CC(=O)NCCNC(=O)c1ccccc1N1CCC(=O)NC1=O)CC2=O,7.39
CHEMBL3735979,O=C(c1ccc(I)cc1)N1CCN(C(=O)c2cc(Cc3n[nH]c(=O)c4ccccc34)ccc2F)CC1,8.13
CHEMBL521686,O=C(c1cc(Cc2n[nH]c(=O)c3ccccc23)ccc1F)N1CCN(C(=O)C2CC2)CC1,8.8
CHEMBL3736047,O=C(c1cccc(I)c1)N1CCN(C(=O)c2cc(Cc3n[nH]c(=O)c4ccccc34)ccc2F)CC1,8.41
CHEMBL521686,O=C(c1cc(Cc2n[nH]c(=O)c3ccccc23)ccc1F)N1CCN(C(=O)C2CC2)CC1,7.92
CHEMBL3289109,Cc1ccc(-c2nc3ccccc3c(=O)[nH]2)cc1,6.37
CHEMBL341142,Oc1nc(-c2ccccc2)nc2c(O)cccc12,5.99
CHEMBL3099681,O=c1[nH]c(-c2ccc(Cl)cc2)nc2c(O)cccc12,6.19
CHEMBL3827440,O=c1[nH]c(-c2ccc(Br)cc2)nc2c(O)cccc12,6.89
CHEMBL126167,Nc1ccc(-c2nc(O)c3cccc(O)c3n2)cc1,6.54
CHEMBL5169667,Cc1noc(C)c1-c1ccc2c(c1)C(c1ccccc1)N(CC(=O)NC(C)(C)c1nc3c(C(N)=O)cccc3[nH]1)C(=O)N2,7.21
CHEMBL5181517,Cc1noc(C)c1-c1ccc2c(c1)C(c1ccccc1)N(CC(=O)N[C@@H](C)c1nc3c(C(N)=O)cccc3[nH]1)C(=O)N2C,6.73
CHEMBL3617776,CCCNCc1ccc(-c2cc3c4c(c[nH]c4c2)C(=O)NNC3=O)cc1,6.86
CHEMBL420964,O=C(CCN1CCC(N2CCCC2)CC1)N1CCc2c(nc(O)c3ccccc23)C1,6.61
CHEMBL365086,O=S(=O)(NCCCN1CCOCC1)c1cc2c(cc1F)-c1nc(O)c3ccccc3c1C2,8
CHEMBL550788,O=c1[nH]c2cc(-c3ccco3)nn2c2ccccc12,6.7
CHEMBL560256,COc1ccc(-c2cc3[nH]c(=O)c4ccccc4n3n2)c(OC)c1,6.7
CHEMBL550369,O=c1[nH]c2cc(C3CCCCC3)nn2c2ccccc12,6.7
CHEMBL552919,CN1CCN(C(=O)c2ccc(-c3cc4[nH]c(=O)c5ccccc5n4n3)cc2)CC1,5.85
CHEMBL563107,O=C(c1ccc(-c2cc3[nH]c(=O)c4ccccc4n3n2)cc1)N1CCN2CCC[C@H]2C1,5.6
CHEMBL550703,O=C(NCCCN1CCOCC1)c1cc2[nH]c(=O)c3ccccc3n2n1,6.85
CHEMBL561717,CN1CCC(CNC(=O)c2cc3[nH]c(=O)c4ccccc4n3n2)CC1,7.16
CHEMBL381821,CCN1CCCN(C(=O)c2cccc(Cc3nnc(O)c4ccccc34)c2)CC1,7.82
CHEMBL204097,CC1CCN(C(=O)C2CCN(C(=O)c3cccc(Cc4nnc(O)c5ccccc45)c3)CC2)CC1,8.1
CHEMBL202833,O=C(NCCc1cccs1)C1CCN(C(=O)c2cccc(Cc3nnc(O)c4ccccc34)c2)CC1,8.1
CHEMBL363307,Cc1nc(O)c2c(Cl)cccc2n1,5.92
CHEMBL418816,O=C(CCn1c2c(c(=O)[nH]c1=O)CCC2)NCC(=O)N1CCN(c2ncccn2)CC1,5.52
CHEMBL322957,O=C(CCn1c2c(c(=O)[nH]c1=O)CSCC2)NCC(=O)c1cccc(Br)c1,7.16
CHEMBL124815,O=C1NC(CCCl)Oc2ccccc21,5.07
CHEMBL3290483,NC(=O)c1cccc2c1O/C(=C\c1ccc(OCCN3CCOCC3)cc1)C2=O,5.68
CHEMBL3290489,NC(=O)c1cccc2c1O/C(=C\c1ccc(OCCN3CCN(c4ccc(F)cc4)CC3)cc1)C2=O,6.35
CHEMBL339586,O=C1NC(=O)c2cccc3cccc1c23,5.85
CHEMBL560654,CN1CCN(C(=O)c2cccc(-c3cc4[nH]c(=O)c5ccccc5n4n3)c2)CC1,6
CHEMBL107284,CS(=O)(=O)O.Oc1nc2ccc(N3CCNCC3)nc2c2ccccc12,7.24
CHEMBL1094958,NC(=O)c1cccc2cn(-c3ccc(CNCC(F)F)cc3)nc12,7.85
CHEMBL1092776,CN1CCCC(Oc2ccc3[nH]c(=O)c4c(c3c2)CCSC4)C1,7.41
CHEMBL2323544,C[C@@H](NC(=O)CN1CCc2cccc3c2C1CNC3=O)C(=O)N1CC=C(c2ccc(F)cc2)CC1,6.68
CHEMBL1096883,NC(=O)c1cccc2cn(-c3ccc(CNCCF)cc3)nc12,8.68
CHEMBL391402,O=C(NCc1nc(-c2ccc3[nH]c4c5c(c6c(c4c3c2)C(=O)NC6=O)CCC5)cs1)OCc1ccccc1,7.7
CHEMBL598544,O=C(c1cc(Cc2c[nH]c(=O)c3cc(Cl)c(Cl)n23)ccc1F)N1CCN(C(=O)C2CCCC2)CC1,8.43
CHEMBL592542,O=C(c1cc(Cc2c[nH]c(=O)c3cc(Cl)c(Cl)n23)ccc1F)N1CCN(CCO)CC1,7.89
CHEMBL596720,CN1CCCN(C(=O)c2cc(Cc3c[nH]c(=O)c4cc(Cl)c(Cl)n34)ccc2F)CC1,8.3
CHEMBL599595,O=C(c1cc(Cc2c[nH]c(=O)c3c(Cl)cc(Cl)n23)ccc1F)N1CCCNCC1,8.4
CHEMBL5403532,NC(=O)c1cccc2[nH]c(-c3ccc(Nc4nccc(N5CCN(C(=O)c6ccccc6)CC5)n4)cc3)nc12,6.89
CHEMBL5431841,CN(c1ccc2ncccc2c1)c1ccnc(Nc2ccc(-c3nc4c(C(N)=O)cccc4[nH]3)cc2)n1,7
CHEMBL5398663,Cc1c2ccc(N(C)c3ccnc(Nc4cccc(-c5nc6cc(F)c(F)cc6[nH]5)c4)n3)cc2nn1C,6.19
CHEMBL3891329,O=C1NN=C2CCCc3[nH]c4cccc1c4c32,5.17
CHEMBL5859503,N#Cc1cc(F)c(N2CCN(Cc3ccc4c5c(c(=O)[nH]c4c3)CCCN5)CC2)c(F)c1,7.94
CHEMBL5869375,CNC(=O)c1ccc(N2CCN(Cc3ccc4c5c(c(=O)[nH]c4c3)CCCN5)CC2)cc1F,7.96
CHEMBL5944640,Cc1cccnc1N1CCN(Cc2cc(CO)c3c4c(c(=O)[nH]c3c2)CCCN4)CC1,7.83
CHEMBL5862637,O=c1[nH]c2cc(CN3CCN(c4ccc(F)cn4)CC3)cc(CO)c2c2c1CCCN2,7.94
CHEMBL5799550,CCN(C)C(=O)c1ccc(N2CCN(Cc3ccc4c5c(c(=O)[nH]c4c3)CCCN5)CC2)cc1F,7.84
CHEMBL5405947,Cn1c([N+](=O)[O-])cnc1COc1ccc2c(=O)[nH]nc(Cc3ccc(F)c(C(=O)N4CCN(C(=O)C5CC5)CC4)c3)c2c1,6.71
CHEMBL5819824,O=c1[nH]c2cc(CN3CCN(c4ccc(C(F)(F)F)cn4)CC3)ccc2c2c1CCCN2,7.85
CHEMBL5949390,N#Cc1cccnc1N1CCN(Cc2ccc3c4c(c(=O)[nH]c3c2)CCCN4)CC1,8.15
CHEMBL5795408,N#Cc1cnc(N2CCN(Cc3ccc4c5c(c(=O)[nH]c4c3)CCCN5)CC2)cn1,8.2
CHEMBL5939572,N#Cc1coc(N2CCN(Cc3ccc4c5c(c(=O)[nH]c4c3)CCCN5)CC2)n1,6.97
CHEMBL5810830,CC(C)c1ccc(C2CC3=NNC(=O)c4cc(F)cc5[nH]c(c3c45)C2)cc1,4.59
CHEMBL3978989,CC(C)(C)C(=O)N1CC2=NNC(=O)c3cccc4[nH]c(c2c34)C1,4.96
CHEMBL5870499,O=c1[nH]c2cc(CN3CCN(c4nccs4)CC3)ccc2c2c1CCCN2,8.3
CHEMBL5881689,O=c1[nH]c2cc(CN3CCN(c4ccc(C(F)(F)F)c(Cl)c4)CC3)ccc2c2c1CCCN2,6.75
CHEMBL108341,O=C(CCn1c2c(c(=O)[nH]c1=O)CSCC2)NCC(=O)c1ccc(-c2ccccc2)cc1,7.7
CHEMBL1095605,CNCc1cccc(-n2cc3cccc(C(N)=O)c3n2)c1,8.28
CHEMBL1097619,CNCCc1ccc(-n2cc3cccc(C(N)=O)c3n2)cc1,6.7
CHEMBL1096560,NC(=O)c1cccc2nn(-c3ccccc3)nc12,7.15
CHEMBL108840,O=C(CCn1c2c(c(=O)[nH]c1=O)CSCC2)NCC(=O)c1ccc(-c2cccnn2)cc1,7.6
CHEMBL1094636,NC(=O)c1cccc2cn(-c3ccc([C@@H]4CCCNC4)cc3)nc12,7.78
CHEMBL521686,O=C(c1cc(Cc2n[nH]c(=O)c3ccccc23)ccc1F)N1CCN(C(=O)C2CC2)CC1,8.85
CHEMBL506871,C[C@]1(c2nc3c(C(N)=O)cccc3[nH]2)CCCN1,10.21
CHEMBL5413935,Oc1ccc(C2CNCc3c(O)cccc32)cc1O,6.62
CHEMBL5634034,NC(=O)c1cccc2[nH]c(NC(=O)c3cccc(C(=O)N4CCC(Nc5ncc(Br)cn5)CC4)c3)nc12,7.43
CHEMBL4642139,O=c1[nH]c(SCCN2CCN(CCCOc3ccc(-c4ccccc4)cc3)CC2)nc2ccccc12,5.69
CHEMBL5283272,CCOc1cc(CN2CCOCC2)cc2[nH]c(=O)c3ccccc3c12,7.73
CHEMBL4639985,Nc1ccccc1NC(=O)C1CCN(C(=O)c2cc(Cc3n[nH]c(=O)c4ccccc34)ccc2F)CC1,8.71
CHEMBL4642383,Nc1ccc(F)cc1NC(=O)C1CCN(C(=O)c2cc(Cc3n[nH]c(=O)c4ccccc34)ccc2F)CC1,8.74
CHEMBL3577702,COc1ccc2c(c1)C(CC(=O)N1CCN(C(=O)c3ccccc3N3CCC(=O)NC3=O)CC1)CC2=O,6.7
CHEMBL3764974,O=c1[nH]nc2c3c(cccc13)NC(c1ccncc1)C2c1ccncc1,7.65
CHEMBL3763383,O=c1[nH]nc2c3c(cccc13)NC(c1ccccn1)C2c1ccccn1,6.97
CHEMBL3765291,Cn1ccnc1C1c2n[nH]c(=O)c3cccc(c23)NC1c1ccccc1,8.63
CHEMBL3577625,O=C1CCN(c2ccccc2C(=O)NCc2ccc(-n3cccn3)cc2)C(=O)N1,6.65
CHEMBL4172731,O=C(c1cc(Cc2n[nH]c(=O)c3ccccc23)cc(F)c1F)N1CCN(Cc2cccnc2)CC1,6.8
CHEMBL4175142,O=C(c1cc(Cc2n[nH]c(=O)c3ccccc23)cc(F)c1F)N1CCN(c2ccccc2O)CC1,9.05
CHEMBL190434,O=S(=O)(NCCCN1CCOCC1)c1ccc2c(c1)Cc1c-2nc(O)c2ccccc12,7.4
CHEMBL1089713,CCN1CCC(Oc2ccc3[nH]c(=O)c4c(c3c2)CCSC4)C1,7.89
CHEMBL595681,O=C(O)CCCC(=O)N1CCc2cccc3c2C1CNC3=O,7.82
CHEMBL4175440,Cc1cccc2c(Nc3cccc(-c4nc5c(C(N)=O)cccc5[nH]4)c3)c3ccccc3nc12,6.35
CHEMBL4166888,CCCCc1ccc2nc3ccccc3c(Nc3cccc(-c4nc5c(C(N)=O)cccc5[nH]4)c3)c2c1,6.5
CHEMBL201616,O=C(c1cccc(Cc2n[nH]c(=O)c3ccccc23)c1)N1CCNCC1,7.52
CHEMBL4099515,CC(C)c1ccc(Cn2cc(/C=C3\SC(=O)NC3=O)c3ccccc32)cc1,4.13
CHEMBL4554200,CC(C)n1cc2c(n1)CN(C(=O)c1cc(Cc3n[nH]c(=O)c4ccccc34)ccc1F)C2,8.27
CHEMBL4521684,O=C(CCn1nc(-c2ccccc2)c2ccccc2c1=O)Nc1cccc(Cl)c1,7.01
CHEMBL4521985,CN(C)CC/C=C1\c2ccccc2COc2ccc(CC(=O)NN)cc21,7.1
CHEMBL81977,NC(=O)c1cccc(N)c1,4.52
CHEMBL5424475,Cc1c2ccc(N(C)c3ccnc(Nc4ccc(C(=O)Nc5nc6c(C(N)=O)cccc6[nH]5)cc4)n3)cc2nn1C,6.85
CHEMBL5421652,CN(c1ccc(Cl)cc1)c1ccnc(Nc2ccc(C(=O)Nc3nc4c(C(N)=O)cccc4[nH]3)cc2)n1,6.86
CHEMBL5435200,CC(C)c1ccc(N(C)c2ccnc(Nc3ccc(-c4nc5c(C(N)=O)cccc5[nH]4)cc3)n2)cc1,7.05
CHEMBL5438488,Cc1c2ccc(N(C)c3ccnc(Nc4ccc(C(=O)Nc5nc6c(C(N)=O)cccc6[nH]5)cc4F)n3)cc2nn1C,6.69
CHEMBL5431101,Cc1c2ccc(N(C)c3ccnc(Nc4cc(F)c(C(=O)Nc5nc6c(C(N)=O)cccc6[nH]5)c(F)c4)n3)cc2nn1C,6.31
CHEMBL5439635,O=C(c1cc(Cn2c(=O)[nH]c(=O)c3ccccc32)ccc1F)N1CCN(C2CCCC2)C(=O)C1,8.85
CHEMBL5423934,CC(C1CCCC1)N1CCN(C(=O)c2cc(Cn3c(=O)[nH]c(=O)c4ccccc43)ccc2F)CC1=O,8.44
CHEMBL5421335,O=C1CN(C(=O)c2cc(Cn3c(=O)[nH]c(=O)c4ccccc43)ccc2F)CCN1CC1CCCCC1,8.62
CHEMBL4539846,NC(=O)c1cccc2c1O/C(=C\c1ccc(C(=O)N3CCN(c4cnccn4)CC3)cc1)C2=O,7.11
CHEMBL4437403,NC(=O)c1cccc2c1O/C(=C\c1cccc(C(=O)N3CCN(c4ncccn4)CC3)c1)C2=O,7.24
CHEMBL4584942,NC(=O)c1cccc2c1O/C(=C\c1ccc(C(=O)N3CCn4cnnc4C3)cc1)C2=O,7.02
CHEMBL4519178,NC(=O)c1cccc2c1O/C(=C\c1ccc(C(=O)N3CCn4c(nnc4C(F)(F)F)C3)cc1)C2=O,7.53
CHEMBL4539194,CCOC(=O)c1nnc2n1CCN(C(=O)c1ccc(/C=C3\Oc4c(C(N)=O)cccc4C3=O)cc1)C2,7.42
CHEMBL4446105,NC(=O)c1cccc2c1O/C(=C\c1ccc(C(=O)N3CCn4c(nnc4C(F)F)C3)cc1)C2=O,7.52
CHEMBL4470680,NC(=O)c1cccc2c1O/C(=C\c1cccc(C(=O)N3CCn4c(nnc4C(F)(F)F)C3)c1)C2=O,7.38
CHEMBL4446923,Cc1ccc2[nH]c(CCNC(=O)c3ccc(/C=C4\Oc5c(C(N)=O)cccc5C4=O)cc3)nc2c1,7.66
CHEMBL2237227,CN1CCN(C(=O)c2ccc3[nH]c(=O)c4c(c3c2)CCSC4)CC1,6.73
CHEMBL481803,NC(=O)c1cccc2cc(-c3ccccc3)c[n+]([O-])c12,4.64
CHEMBL480429,NC(=O)c1cccc2ccc(-c3ccccc3)nc12,6.05
CHEMBL222556,O=c1cc(-c2ccc(O)c(O)c2)oc2ccccc12,5.9
CHEMBL301624,O=c1cc(-c2ccc(O)c(O)c2)oc2cc(O)ccc12,5.12
CHEMBL151,O=c1cc(-c2ccc(O)c(O)c2)oc2cc(O)cc(O)c12,5.38
CHEMBL275638,O=c1cc(-c2ccccc2)oc2ccccc12,5.86
CHEMBL5419303,CNCc1ccc(-c2nnc3n2CCN(C(=O)c2cc(Cc4n[nH]c(=O)c5ccccc45)ccc2F)C3)o1,9.07
CHEMBL1813880,Cc1ccc(C(C)C)c(Br)c1Oc1ccc(Cl)cc1NC(=O)c1cc(Cl)cc(Br)c1O,4.11
CHEMBL4781887,Nc1cc(F)cc2c(=O)[nH]c(CCCN3CCN(c4ccc(F)cc4)CC3)cc12,9.05
CHEMBL4747106,N#Cc1ccc(N2CCN([C@H]3C=C(c4cc5c(N)cccc5c(=O)[nH]4)CC3)CC2)cc1,9.22
CHEMBL3962648,O=C1NN=C2CCCCc3[nH]c4cc(F)cc1c4c32,8.19
CHEMBL4170490,O=C(c1cc(Cc2n[nH]c(=O)c3ccccc23)cc(F)c1F)N1CCN(c2nsc3ccccc23)CC1,7.28
CHEMBL3765528,Cn1ncnc1C1c2n[nH]c(=O)c3cc(F)cc(c23)NC1c1ccc(F)cc1,8.74
CHEMBL5172909,Cc1ccccc1NC(=O)c1ccc(NC(=O)N2CCN(C(=O)c3cc(Cc4n[nH]c(=O)c5ccccc45)ccc3F)CC2)cc1,8.79
CHEMBL5174780,Cc1ccc(NC(=O)c2ccc(NC(=O)N3CCN(C(=O)c4cc(Cc5n[nH]c(=O)c6ccccc56)ccc4F)CC3)cc2)cc1,9.31
CHEMBL5206816,N#Cc1ccc(N2CCN(Cc3ccc4c(c3)NC(=O)C3CCCNC43)CC2)nc1,8.7
CHEMBL3753077,COc1ccc(C2(CNC(=O)c3ccc(NC(=O)c4ccco4)cc3)CCOCC2)cc1,5.75
CHEMBL3644587,O=c1[nH]nc2c3c(cccc13)N=C(CN1Cc3ccccc3C1)N2,8.7
CHEMBL493045,O=C(c1cc(Cc2n[nH]c(=O)c3ccccc23)ccc1F)N1CCNCC1,8.16
CHEMBL1652712,NC(=O)c1ccc2c(c1)[nH]c(=O)c1ccsc12,7.22
CHEMBL5204747,C=C1C(=O)OC2C[C@@]3(C)CCC=C(COC(=O)COCCOCCNC(=O)c4cc(Cc5n[nH]c(=O)c6ccccc56)ccc4F)C3=CC12,7.41
CHEMBL5192888,C[C@H]1CCC[C@]2(C)CC3OC(=O)C(CNCCCC(=O)N4CCN(C(=O)c5cc(Cc6n[nH]c(=O)c7ccccc67)ccc5F)CC4)C3C=C12,8.08
CHEMBL5194792,C[C@H]1CCC[C@]2(C)CC3OC(=O)C(CNOCC(=O)N4CCN(C(=O)c5cc(Cc6n[nH]c(=O)c7ccccc67)ccc5F)CC4)C3C=C12,7.71
CHEMBL1935255,O=C(CN1CCCCC1)c1ccc2[nH]c3c4c(c5c(c3c2c1)C(=O)NC5=O)CCC4,7.7
CHEMBL1935260,CC(C)(C)OC(=O)[C@@H]1CCCN1CC(=O)c1ccc2[nH]c3c4c(c5c(c3c2c1)C(=O)NC5=O)CCC4,7.92
CHEMBL1935264,O=C(CCC(=O)N1CCCC1)c1ccc2[nH]c3c4c(c5c(c3c2c1)C(=O)NC5=O)CCC4,7.8
CHEMBL521686,O=C(c1cc(Cc2n[nH]c(=O)c3ccccc23)ccc1F)N1CCN(C(=O)C2CC2)CC1,8.61
CHEMBL421605,O=C(CCn1c2c(c(=O)[nH]c1=O)CCCC2)NCC(=O)c1ccc(Br)cc1,7.1
CHEMBL2414047,Nc1cccc2c(=O)[nH]c(-c3cccs3)cc12,5.25
CHEMBL2414043,Nc1cccc2c(=O)[nH]c(-c3ccccc3)cc12,5.97
CHEMBL4753410,N#Cc1ccc(N2CCN([C@H]3C=C(c4cc5c(N)cc(F)cc5c(=O)[nH]4)CC3)CC2)c(F)c1,9.05
CHEMBL309636,O=C(CCN1CCCCC1)N1CCc2c(nc(O)c3ccccc23)C1,6.62
CHEMBL3983859,O=C1NN=C2CN(C(=O)C3CC3)Cc3[nH]c4cc(F)cc1c4c32,8.64
CHEMBL3907535,CC(C)N1CC2=NNC(=O)c3cccc4[nH]c(c2c34)C1,8.15
CHEMBL3910594,CC1(C)CC2=NNC(=O)c3cccc4c3c2c(n4CCO)C1,7.64
CHEMBL3930624,O=C(c1cc(Cc2n[nH]c(=O)c3ccccc23)ccc1F)N1CCn2nc(C(F)(F)F)nc2C1,7.99
CHEMBL3644589,O=c1[nH]nc2c3c(cccc13)N=C(CN1CCN(c3ccncc3)CC1)N2,7.82
CHEMBL3644605,CC(C)(C)c1ccc(S(=O)(=O)N2CCN(CC3=Nc4cccc5c(=O)[nH]nc(c45)N3)CC2)cc1,7.89
CHEMBL1171297,CCN1CCC(c2nn(C)c3[nH]c(=O)c4ccccc4c23)CC1,7.6
CHEMBL105995,CN1CCN(c2ccc3nc(O)c4ccccc4c3n2)CC1,7.35
CHEMBL521686,O=C(c1cc(Cc2n[nH]c(=O)c3ccccc23)ccc1F)N1CCN(C(=O)C2CC2)CC1,8.3
CHEMBL5208297,NC(=O)/C=C/c1ccc(COc2ccc(-n3cc4cccc(C(N)=O)c4n3)cc2)cc1,6.64
CHEMBL5403789,O=C(c1cc(Cc2n[nH]c(=O)c3cccc(O)c23)ccc1F)N1CCN(C(=O)C2CC2)CC1,9.76
CHEMBL198230,CC1CCC2N=C(CCCN3CC=C(c4ccccc4)CC3)NC(=O)C2C1,6.56
CHEMBL5401937,Cc1cccc2c(=O)[nH]c(CCCN3CCC(c4ccc(F)cc4)CC3)nc12,7.8
CHEMBL550053,CN1CCC(C(=O)NCCc2c[nH]c3ccc4c(c23)CCNC4=O)CC1,7.22
CHEMBL558845,O=C1NCCc2c1ccc1[nH]cc(CCNC(=O)N3CCNCC3)c21,7.6
CHEMBL3696945,COC(=O)c1ccc2c(c1)[nH]c(=O)c1ccncc12,6.1
CHEMBL3617768,CNCc1ccc(-c2[nH]c3cccc4c3c2C(=O)NNC4=O)cc1,5.57
CHEMBL5406766,O=c1[nH]c2cc(CN3CCN(c4ccc(F)cn4)CC3)cnc2cc1C1CC1,8.5
CHEMBL3616846,NCc1nc2sc3c(c2c(=O)[nH]1)CCC3,4.77
CHEMBL399725,O=c1[nH]c(CCCN2CC=C(c3ccccc3)CC2)nc2ccccc12,7.8
CHEMBL251029,O=c1[nH]c(CCCN2CC=C(c3ccccc3)CC2)nc2c(Cl)cccc12,7.58
CHEMBL192951,O=C(CN1CCOCC1)Nc1ccc2c(c1)-c1nc(O)c3ccccc3c1C2,6.4
CHEMBL110332,O=C(CCn1c2c(c(=O)[nH]c1=O)COCC2)NCC(=O)N1CCN(c2ncccn2)CC1,6.1
CHEMBL540525,Cl.O=S(=O)(NCCN1CCCCC1)c1ccc2nc(O)c3ccccc3c2c1,7.52
CHEMBL364752,CN(C)CC(=O)Nc1ccc2c(c1)Cc1c-2nc(O)c2ccccc12,6.97
CHEMBL444846,Oc1nc2c(c3ccc(F)cc13)CNCC2,7.7
CHEMBL1767061,Cc1cc2c(NC(=O)c3ccccc3)cccc2c(=O)[nH]1,4.78
CHEMBL1767066,Nc1cccc2c(=O)n(CCC(=O)O)ccc12,6.26
CHEMBL336718,COc1ccc(-c2nc(O)c3ccccc3n2)cc1,6.54
CHEMBL4450725,Cc1cc(F)cc2c(=O)[nH]c(-c3ccc(C4CCN(C)CC4)cc3)nc12,6.21
CHEMBL418813,CN(C)C1CCN(c2ccc3nc(O)c4ccccc4c3n2)CC1.CS(=O)(=O)O,6.95
CHEMBL204250,O=C1NC(=O)c2c1c1c(c3[nH]c4ccccc4c23)CCC1,7.44
CHEMBL1935254,O=C(CN1CCOCC1)c1ccc2[nH]c3c4c(c5c(c3c2c1)C(=O)NC5=O)CCC4,7.89
CHEMBL1935269,Cl.O=C(CCC(=O)N1CCNCC1)c1ccc2[nH]c3c4c(c5c(c3c2c1)C(=O)NC5=O)CCC4,7.82
CHEMBL4748572,NC1(C(=O)N2CC3=NNC(=O)c4cc(F)cc5[nH]c(c3c45)C2)CC1,8
CHEMBL3906623,CC(C)(C)C(=O)N1CC2=NNC(=O)c3cc(F)cc4[nH]c(c2c34)C1,8.14
CHEMBL4784468,CC1(C(=O)N2CC3=NNC(=O)c4cc(F)cc5[nH]c(c3c45)C2)CC1,8.01
CHEMBL3908123,CCN1CC2=NNC(=O)c3cc(F)cc4[nH]c(c2c34)C1,8.34
CHEMBL4776661,CNCCn1c2c3c4c(cccc41)C(=O)NN=C3CC(C)(C)C2,8.15
CHEMBL3940569,CC1(C)CC2=NNC(=O)c3cccc4c3c2c(n4CC2CO2)C1,7.57
CHEMBL3898162,O=C1NN=C2CCCc3c2c2c1cccc2n3CCN1CCCC1,7.98
CHEMBL3954603,CN(C)CCn1c2c3c4c(cccc41)C(=O)NN=C3CCC2,7.82
CHEMBL598145,Cc1c(Cc2ccc(F)c(C(=O)N3CCC4(CCCN4)CC3)c2)n[nH]c(=O)c1C,8.59
CHEMBL598356,Cc1c(Cc2ccc(F)c(C(=O)N3CCC4(CCCN4C)CC3)c2)n[nH]c(=O)c1C,8.35
CHEMBL603235,CCNC1(C(=O)N2CCN(C(=O)c3cc(Cc4n[nH]c(=O)c(C)c4C)ccc3F)CC2)CCCC1,8.51
CHEMBL600840,CN(C)CCN1CCN(C(=O)c2cc(Cc3c[nH]c(=O)c4cc(Cl)c(Cl)n34)ccc2F)CC1,7.75
CHEMBL593854,CNCc1ccc(-n2cc3ccc(F)c(C(N)=O)c3n2)cc1,7.7
CHEMBL593853,CNCc1ccc(-n2cc3c(F)ccc(C(N)=O)c3n2)cc1,8.1
CHEMBL596365,CN1CCC[C@H]1C(=O)Nc1ccc(-n2cc3cccc(C(N)=O)c3n2)cc1,7.77
CHEMBL605916,CN1CCCCC1C(=O)Nc1ccc(-n2cc3cccc(C(N)=O)c3n2)cc1,7.34
CHEMBL593377,NC(=O)c1cccc2cn(-c3ccc(NC(=O)CN4CCCCC4)cc3)nc12,7.7
CHEMBL604878,NC(=O)c1cccc2cn(-c3ccc(NC(=O)CN4CCCC4)cc3)nc12,8
CHEMBL3644564,O=c1[nH]nc2c3c(cccc13)N=C(CN1CC=C(c3ccc(F)cc3)CC1)N2,8.22
CHEMBL3644587,O=c1[nH]nc2c3c(cccc13)N=C(CN1Cc3ccccc3C1)N2,7.92
CHEMBL3644588,O=c1[nH]nc2c3c(cccc13)N=C(CN1CCCN(S(=O)(=O)c3ccccc3)CC1)N2,7.7
CHEMBL3644594,O=c1[nH]nc2c3c(cccc13)N=C(CN1CCc3ccccc3C1)N2,7.68
CHEMBL3606003,NC(=O)c1cccc2c1C(=O)N(C1CCN(Cc3cccc(C(F)(F)F)c3)CC1)C2,5.52
CHEMBL83760,Oc1nc2c(c3ccccc13)CCCC2,6.78
CHEMBL1935252,CCN(CC)CC(=O)c1ccc2[nH]c3c4c(c5c(c3c2c1)C(=O)NC5=O)CCC4,7.68
CHEMBL312183,O=C(CCCN1CCCCC1)N1CCc2nc(O)c3ccccc3c2C1,6.34
CHEMBL3394707,COc1cc2c(cc1O)C1(O)c3ccccc3C(=O)N1CC2,6.67
CHEMBL4281379,CCn1c(-c2cc3c(s2)CNCC3)nc2c(C(N)=O)cc(F)cc21,6.6
CHEMBL4281045,Cn1c(-c2cc3c(s2)CNCC3)nc2c(C(N)=O)cc(F)cc21,7.75
CHEMBL4285923,CCCC1NCCc2cc(-c3nc4c(C(N)=O)cc(F)cc4[nH]3)sc21,7.07
CHEMBL5557268,Cc1ccc(S(=O)(=O)N2C[C@@H]3CCCN4CCC[C@@H]([C@H]34)[C@H]2CCCc2nc3ccc(Br)cc3n2S(=O)(=O)c2ccc(C)cc2)cc1,5.38
CHEMBL3317902,COc1ccc(CC(=O)N2CCN(C(=O)c3csc(Cc4n[nH]c(=O)c5ccccc45)c3)CC2)cc1,7.02
CHEMBL204533,O=C(c1cccc(Cc2nnc(O)c3ccccc23)c1)N1CCCN(CC2CC2)CC1,7.85
CHEMBL383070,COc1cccc(CCC(=O)N2CCCN(C(=O)c3cccc(Cc4nnc(O)c5ccccc45)c3)CC2)c1,8.1
CHEMBL202294,CC(C)CNC(=O)C1CCN(C(=O)c2cccc(Cc3nnc(O)c4ccccc34)c2)CC1,7.8
CHEMBL372303,CN(C)CC(=O)Nc1ccc2[nH]c(=O)c3ccccc3c2c1,6.96
CHEMBL197469,O=C1NC(CCCN2CC=C(c3ccccc3)CC2)=NC2CCOCC12,6.7
CHEMBL373210,Oc1nnc(CCCCN2CCOCC2)c2ccccc12,6.02
CHEMBL187689,COc1ccccc1C1=CCN(CCCc2nc(O)c3ccccc3n2)CC1,6.77
CHEMBL188985,Oc1nc(CCCN2CC=C(c3ccc(-[n+]4ccccc4)cc3)CC2)nc2ccccc12,7.92
CHEMBL107601,O=C(CCn1c2c(c(=O)[nH]c1=O)CSCC2)NCC(=O)N1CCN(c2ncccn2)CC1,7.7
CHEMBL590881,CN1CCN(C(=O)c2cc(Cc3c[nH]c(=O)c4cc(Cl)c(Cl)n34)ccc2F)CC1,7.39
CHEMBL596721,CC(=O)N1CCCN(C(=O)c2cc(Cc3c[nH]c(=O)c4cc(Cl)c(Cl)n34)ccc2F)CC1,7.72
CHEMBL599793,O=C(c1cc(Cc2c[nH]c(=O)c3c(Cl)c(Cl)cn23)ccc1F)N1CCCNCC1,8.8
CHEMBL608691,CN(C)CC(=O)Nc1ccc(-n2cc3cccc(C(N)=O)c3n2)cc1,7.82
CHEMBL4436472,S=c1[nH]nc(-c2cc3ccccc3[nH]2)n1-c1ccccc1,5.68
CHEMBL4563390,S=c1[nH]nc(CSc2nnc(-c3cc4ccccc4[nH]3)n2-c2ccccc2)n1-c1ccccc1,5.09
CHEMBL5413070,CCN1CCN(C(=O)c2cc(Cn3c(=O)[nH]c(=O)c4ccccc43)ccc2F)CC1=O,8.12
CHEMBL5406001,CC(C)CCN1CCN(C(=O)c2cc(Cn3c(=O)[nH]c(=O)c4ccccc43)ccc2F)CC1=O,8.52
CHEMBL5399361,C#CCN1CCN(C(=O)c2cc(Cn3c(=O)[nH]c(=O)c4ccccc43)ccc2F)CC1=O,7.81
CHEMBL5421189,COC(=O)CN1CCN(C(=O)c2cc(Cn3c(=O)[nH]c(=O)c4ccccc43)ccc2F)CC1=O,8.05
CHEMBL5434897,O=C(c1cc(Cn2c(=O)[nH]c(=O)c3ccccc32)ccc1F)N1CC(=O)N2CCCC2C1,7.76
CHEMBL521686,O=C(c1cc(Cc2n[nH]c(=O)c3ccccc23)ccc1F)N1CCN(C(=O)C2CC2)CC1,7.44
CHEMBL593145,NC(=O)c1cccc2cn(-c3ccc(C(=O)NCCN4CCCC4)cc3)nc12,7.7
CHEMBL596390,O=C1NCC2c3c(cccc31)CCN2C(=O)CCc1ccccc1,8.4
CHEMBL595237,COc1ccccc1CC(=O)N1CCc2cccc3c2C1CNC3=O,7.57
CHEMBL186365,Oc1nc(CCCN2CC=C(c3ccccc3)CC2)nc2c(Cl)cc(Cl)cc12,7.41
CHEMBL4098188,O=C(CCc1nc2ccccc2c(=O)[nH]1)Nc1ccc(C(=O)Nc2cccc3cccnc23)cc1,5.08
CHEMBL1892587,O=C(O)CCc1nc(O)c2ccccc2n1,5.18
CHEMBL4059827,O=C1SCCc2nc(-c3ccc(C(F)(F)F)cc3)[nH]c(=O)c21,6.07
CHEMBL3895581,Cn1c2c3c4c(cccc41)C(=O)NN=C3CCC2,7.8
CHEMBL3926240,CCN(CC)CCn1c2c3c4c(cccc41)C(=O)NN=C3CC(C)(C)C2,8.48
CHEMBL3945909,O=C1NN=C2CCCc3c2c2c1cccc2n3CCN(Cc1ccccc1)Cc1ccccc1,6.1
CHEMBL3805627,Cc1ccc2c(=O)[nH]c(CCCC(=O)N3CCC(Oc4ccc(C#N)cc4)CC3)nn12,6.92
CHEMBL3806049,CC(C)n1cc(C(=O)C2CCN(C(=O)CCCc3nc4c(ccn4C)c(=O)[nH]3)CC2)cn1,5.75
CHEMBL2347906,CCCN1CCC(c2nc3c(C(N)=O)cncc3[nH]2)CC1,6.28
CHEMBL2440886,Cc1sc2nc(SCC(=O)N3CCN(CCO)CC3)[nH]c(=O)c2c1C,6.14
CHEMBL5532040,O=C(CCC[C@@H]1[C@H]2CCCN3CCC[C@@H](CN1C(=O)OCC1c4ccccc4-c4ccccc41)[C@@H]23)Nc1nc2ccccc2[nH]1,5.59
CHEMBL5512530,O=C(OCC1c2ccccc2-c2ccccc21)N1C[C@@H]2CCCN3CCC[C@@H]([C@H]23)[C@H]1CCCc1nc2cc(Br)c(Br)cc2[nH]1,7.05
CHEMBL5542287,O=S(=O)(c1ccc(C(F)(F)F)cc1)N1C[C@@H]2CCCN3CCC[C@@H]([C@H]23)[C@H]1CCCc1nc2cc(Cl)ccc2n1S(=O)(=O)c1ccc(C(F)(F)F)cc1,4.84
CHEMBL47371,Cc1cccc2c(O)nc3cc(C(F)(F)F)c([N+](=O)[O-])cc3c12,6.87
CHEMBL4458372,O=C1NCCn2c(-c3ccccc3)nc3cncc1c32,6.96
CHEMBL4174278,O=C(c1cc(Cc2n[nH]c(=O)c3ccccc23)cc(F)c1F)N1CCN(C(=O)C2CCCO2)CC1,8.62
CHEMBL3893975,NCCOc1c(-c2cccc(C(F)(F)F)c2)[nH]c(=O)c2cc(F)ccc12,7.52
CHEMBL605844,Cc1c(Cc2ccc(F)c(C(=O)N3CCN(C(=O)C4(NCC5CC5)CCCCC4)CC3)c2)n[nH]c(=O)c1C,8.46
CHEMBL605760,Cc1c(Cc2ccc(F)c(C(=O)N3CCN(C(=O)[C@H]4CCCN4)CC3)c2)n[nH]c(=O)c1C,8.57
CHEMBL590791,CNC(C)(C)C(=O)N1CCN(C(=O)c2cc(Cc3c[nH]c(=O)c4cc(Cl)c(Cl)n34)ccc2F)CC1,8.7
CHEMBL4449082,C[C@@H]1CN(c2cc(F)c3c(c2)N(C)C(=O)C32CCN(c3nc4c(c(=O)[nH]3)CCCN4C)CC2)C[C@H](C)O1,4.74
CHEMBL3969742,O=C1NN=C2CCCCc3[nH]c4cccc1c4c32,8.17
CHEMBL3916191,CN(C)c1ccc(C2CC3=NNC(=O)c4cc(F)cc5[nH]c(c3c45)C2)cc1,7.59
CHEMBL4211118,O=C(NCc1nnc(-c2cccc3c(=O)c4ccccc4c(=O)[nH]c23)o1)c1ccccc1Cl,6.13
CHEMBL4214945,COc1ccc(Br)cc1/C=C/c1nnc(-c2cccc3c(=O)c4ccccc4c(=O)[nH]c23)o1,7.33
CHEMBL1090020,O=c1[nH]c2ccc(OC3CCN(CCc4ccccc4)CC3)cc2c2c1CSCC2,7.42
CHEMBL593363,O=C1NCC2c3c(cccc31)CCN2C(=O)C1CCNC1,9
CHEMBL611958,O=C1NCC2c3c(cccc31)CCN2C(=O)CN1CCN(c2ccccc2)CC1,7.96
CHEMBL5562372,Cn1cccc1C(=O)N1CCN(C(=O)c2ccc(-c3nc4c(C(N)=O)cccc4[nH]3)cc2)CC1,7.34
CHEMBL5560344,NC(=O)c1cccc2[nH]c(-c3ccc(C(=O)N4CCN(C(=O)c5csc(Br)n5)CC4)cc3)nc12,8.34
CHEMBL5562738,CC1CN(C(=O)c2ccc(-c3nc4c(C(N)=O)cccc4[nH]3)cc2F)CCN1C(=O)c1ccc(Br)o1,8.27
CHEMBL1094636,NC(=O)c1cccc2cn(-c3ccc([C@@H]4CCCNC4)cc3)nc12,8.42
CHEMBL3928827,O=C(c1cc(Cc2n[nH]c(=O)c3ccccc23)ccc1F)N1CCn2cccc2C1,8.3
CHEMBL4112930,C[C@]12CCCN1CC1=NNC(=O)c3cc(F)cc4[nH]c2c1c34,8.19
CHEMBL3930624,O=C(c1cc(Cc2n[nH]c(=O)c3ccccc23)ccc1F)N1CCn2nc(C(F)(F)F)nc2C1,8.84
CHEMBL5421933,O=C1CN(C(=O)c2cc(Cn3c(=O)[nH]c(=O)c4ccccc43)ccc2F)CCN1CC(F)(F)F,8.42
CHEMBL5406119,CCC(CC)N1CCN(C(=O)c2cc(Cn3c(=O)[nH]c(=O)c4ccccc43)ccc2F)CC1=O,8.41
CHEMBL3947278,CC1(C)CCc2[nH]c3cccc4c3c2C1=NNC4=O,7.73
CHEMBL5639789,O=C(CCOC[C@@H]1CCN1c1cn[nH]c(=O)c1C(F)(F)F)N1CCN2c3ncc(C(F)(F)F)cc3OC[C@@H]2C1,6.31
CHEMBL5095043,C[C@@H](COCCC(=O)N1CCN(c2ncc(C(F)(F)F)cn2)CC1)Nc1cn[nH]c(=O)c1C(F)(F)F,6.96
CHEMBL2323545,C[C@H](NC(=O)CN1CCc2cccc3c2C1CNC3=O)C(=O)N1CC=C(c2ccc(F)cc2)CC1,7.72
CHEMBL2323537,O=C1NCC2c3c(cccc31)CCN2CC(=O)N1CC2CCCNC2C1,5.03
CHEMBL521686,O=C(c1cc(Cc2n[nH]c(=O)c3ccccc23)ccc1F)N1CCN(C(=O)C2CC2)CC1,8.83
CHEMBL5267691,O=C1CN(Cc2cn(-c3ccccc3F)nn2)C2(CCCCC2)c2ccccc21,7.84
CHEMBL5274451,O=C1CCc2cc(-c3ccccc3F)ccc2C2(CCCCC2)N1,7.7
CHEMBL5205994,COc1cc(OC)c2c(=O)[nH]c(-c3ccc(OCCOc4ccccc4C(N)=O)cc3)nc2c1,5.34
CHEMBL2414046,Nc1cccc2c(=O)[nH]c(-c3ccc(Cl)cc3)cc12,6.24
CHEMBL251030,O=c1[nH]c(CCCN2CC=C(c3ccc(F)cc3)CC2)nc2c(Cl)cccc12,7.89
CHEMBL251028,O=c1[nH]c(CCCN2CC=C(c3ccc(Cl)cc3)CC2)nc2ccccc12,8.05
CHEMBL81977,NC(=O)c1cccc(N)c1,4.52
CHEMBL16861,Cc1ccc(-c2cc(=O)c3ccccc3o2)cc1,4.59
CHEMBL53738,O=c1cc(-c2ccc(F)cc2)oc2ccccc12,5
CHEMBL371819,CCCNC(=O)Nc1ccc2c(c1)Cc1c-2nc(O)c2ccccc12,7
CHEMBL203967,O=C(c1cc(Cc2nnc(O)c3ccccc23)ccc1F)N1CCCN(CC2CC2)CC1,8.3
CHEMBL371425,CCC(=O)Nc1cccc(Cc2n[nH]c(=O)c3ccccc23)c1,7.7
CHEMBL204348,O=C(c1cc(Cc2nnc(O)c3ccccc23)ccc1F)N1CCCN(C2CCCCC2)CC1,8.3
CHEMBL204866,COc1cc(C(=O)N2CCCN(C(=O)c3cccc(Cc4nnc(O)c5ccccc45)c3)CC2)cc(Cl)n1,8.05
CHEMBL201913,O=C(c1cccc(Cc2nnc(O)c3ccccc23)c1)N1CCCNCC1,8.05
CHEMBL201869,O=C(c1cccc(Cc2nnc(O)c3ccccc23)c1)N1CCc2ccccc2C1,8.1
CHEMBL201981,CCC(C)CN(C)C(=O)C1CCN(C(=O)c2cccc(Cc3nnc(O)c4ccccc34)c2)CC1,8.05
CHEMBL202262,O=C(c1cccc(Cc2nnc(O)c3ccccc23)c1)N1CCC(C(=O)N2CCCCC2)CC1,7.82
CHEMBL202537,O=C1NC(=O)c2c1c1c(c3[nH]c4ccccc4c23)CCO1,5
CHEMBL195758,O=C1NC(CCCN2CC=C(c3ccccc3)CC2)=NC2CCSCC12,8.05
CHEMBL425201,O=c1[nH]nc(CCCCN2CC=C(c3ccccc3)CC2)c2ccccc12,7.19
CHEMBL5981093,CNC(=O)c1ccc(N2CCN(Cc3ccc4c5c(c(=O)[nH]c4c3)CCCN5)CC2)nc1,8.07
CHEMBL5759174,N#Cc1ccc(N2CC3CCC(C2)N3Cc2ccc3c4c(c(=O)[nH]c3c2)CCCN4)cc1F,8.41
CHEMBL5898226,N#Cc1cc(N2CCN(Cc3ccc4c5c(c(=O)[nH]c4c3)CCCN5)CC2)ncc1Cl,7.99
CHEMBL6002147,N#Cc1nnc(N2CCN(Cc3ccc4c5c(c(=O)[nH]c4c3)CCCN5)CC2)s1,7.4
CHEMBL5945199,O=c1[nH]c2cc(CN3C[C@@H]4C[C@H]3CN4c3ccc([N+](=O)[O-])cc3F)ccc2c2c1CCCN2,7.99
CHEMBL4089840,O=C(COc1cccc2c(=O)[nH]ccc12)c1ccccc1,6.84
CHEMBL521686,O=C(c1cc(Cc2n[nH]c(=O)c3ccccc23)ccc1F)N1CCN(C(=O)C2CC2)CC1,7.16
CHEMBL521686,O=C(c1cc(Cc2n[nH]c(=O)c3ccccc23)ccc1F)N1CCN(C(=O)C2CC2)CC1,7.99
CHEMBL5566919,O=C(NCCc1ccc(F)cc1)c1cc(Cc2n[nH]c(=O)c3ccccc23)ccc1F,8.49
CHEMBL5274451,O=C1CCc2cc(-c3ccccc3F)ccc2C2(CCCCC2)N1,7.7
CHEMBL4098253,COC1CCN(C(=O)c2cc(Cc3n[nH]c(=O)c4ccccc34)ccc2F)CC1,8.7
CHEMBL5814569,O=C(CCCc1nc2ccccc2c(=O)[nH]1)N[C@H]1CC[C@H](OCc2ccccc2)C1,5.12
CHEMBL5425393,O=C(c1cc(Cc2n[nH]c(=O)c3ccccc23)ccc1F)N1CCn2c(nnc2-c2ccco2)C1,9.59
CHEMBL5395197,O=C(c1cc(Cc2n[nH]c(=O)c3ccccc23)ccc1F)N1CCn2c(nnc2-c2ccoc2)C1,9.36
CHEMBL3922789,O=C1NN=C2CN(C(=O)C3CC3)Cc3[nH]c4cccc1c4c32,8.48
CHEMBL364763,Oc1nc(CCCN2CCc3c([nH]c4ccccc34)C2)nc2ccccc12,7.13
CHEMBL4175276,NC(=O)c1cccc2[nH]c(-c3ccccc3Nc3c4ccccc4nc4ccccc34)nc12,5.7
CHEMBL4163950,CCCCc1ccc2nc3ccccc3c(Nc3ccc(-c4nc5c(C(N)=O)cccc5[nH]4)cc3)c2c1,6.89
CHEMBL3907218,CC(C)C1CC2=NNC(=O)c3cccc4[nH]c(c2c34)C1,8.22
CHEMBL3925115,CC(C)C1CC2=NNC(=O)c3cc(F)cc4[nH]c(c2c34)C1,8.48
CHEMBL3972156,CC1(C)CC2=NNC(=O)c3cccc4[nH]c(c2c34)C1,8.2
CHEMBL83224,O=C(O)C(F)(F)F.Oc1nc2c(c3ccccc13)CCNC2,7.52
CHEMBL124706,Oc1nncc2ccccc12,4.92
CHEMBL5196674,COC1CCCN(C(=O)c2cc(Cc3n[nH]c(=O)c4ccccc34)ccc2F)CC1,8.33
CHEMBL66761,O=c1[nH]nc(Cc2ccccc2)c2ccccc12,6.11
CHEMBL5274451,O=C1CCc2cc(-c3ccccc3F)ccc2C2(CCCCC2)N1,7.72
CHEMBL4590570,CCCN1CCC(c2nc3cncc4c3n2CCNC4=O)CC1,7.72
CHEMBL250490,O=c1[nH]c(CCCN2CCC(c3ccc(F)cc3)CC2)nc2c(Cl)cccc12,7.89
CHEMBL4303397,Cn1cccc1/C=C1\C(=O)NC(=O)c2ccccc21,7.35
CHEMBL521686,O=C(c1cc(Cc2n[nH]c(=O)c3ccccc23)ccc1F)N1CCN(C(=O)C2CC2)CC1,8.36
CHEMBL629,CN(C)CCC=C1c2ccccc2CCc2ccccc21,5.78
CHEMBL4632484,O=C1CC2(CCN(C(=O)CN3CCN(CCSc4nc5ccccc5c(=O)[nH]4)CC3)CC2)Oc2ccccc21,5.89
CHEMBL4868456,O=C(C1CC1)N1CCN(Cc2c(O)cc(O)c3c(=O)cc(-c4ccc(O)cc4)oc23)CC1,7.43
CHEMBL4862002,COc1ccc(CN2CCN(Cc3c(O)cc(O)c4c(=O)cc(-c5ccc(O)cc5)oc34)CC2)c(OC)c1OC,7.67
CHEMBL4868405,O=c1cc(-c2ccc(O)cc2)oc2c(CN3CCN(Cc4cccs4)CC3)c(O)cc(O)c12,7.83
CHEMBL4856808,O=c1cc(-c2ccc(O)cc2)oc2c(CN3CCN(Cc4ccncc4)CC3)c(O)cc(O)c12,7.7
CHEMBL4850338,O=c1cc(-c2ccc(O)cc2)oc2c(CN3CCN(Cc4ccsc4)CC3)c(O)cc(O)c12,7.3
CHEMBL4303397,Cn1cccc1/C=C1\C(=O)NC(=O)c2ccccc21,7.35
CHEMBL5993461,O=c1[nH]c2cc(CN3CCN(c4ccccn4)CC3)cc(CO)c2c2c1CCCN2,8.04
CHEMBL5955027,CCNC(=O)c1ccc(N2CCN(Cc3ccc4c5c(c(=O)[nH]c4c3)CCCN5)CC2)cc1Cl,8.02
CHEMBL204250,O=C1NC(=O)c2c1c1c(c3[nH]c4ccccc4c23)CCC1,7.44
CHEMBL381280,O=C1NC(=O)c2c1ccc1c2CCC1,5.65
CHEMBL373066,O=C1NC(=O)c2c1ccc1[nH]ccc21,6.12
CHEMBL201723,Cc1cc2c(c3c1[nH]c1ccccc13)C(=O)NC2=O,5.3
CHEMBL381303,O=C1NC(=O)c2c1c1c(c3[nH]c4ccccc4c23)CCCC1,5
CHEMBL380940,Cc1cc2[nH]c3ccccc3c2c2c1C(=O)NC2=O,5.7
CHEMBL541576,CN(C)CC(=O)Nc1cnc2c(c1)nc(O)c1ccccc12.Cl,6.78
CHEMBL3606016,NC(=O)c1cccc2c1C(=O)N(C1CCN(Cc3ccc4[nH]ccc4c3)CC1)C2,7
CHEMBL3606018,NC(=O)c1cccc2c1C(=O)N(C1CCN(C3CCC(F)(F)CC3)CC1)C2,6.82
CHEMBL3606005,CN(C)c1ccc(CN2CCC(N3Cc4cccc(C(N)=O)c4C3=O)CC2)cc1,5.18
CHEMBL3105892,NC(=O)n1ccc2ccc(N3CCCCC3)nc21,5.52
CHEMBL3105882,NC(=O)n1ccc2ccc(-c3ccc(F)c(C(=O)N4CCN(C(=O)C5CC5)CC4)c3)nc21,5.95
CHEMBL3105879,NC(=O)n1ccc2ccc(-c3ccc(F)cc3)nc21,6.57
CHEMBL3105890,NC(=O)n1ccc2ccc(N3CCCC3)nc21,6.66
CHEMBL596581,CNCc1ccc(-n2cc3cc(Cl)cc(C(N)=O)c3n2)cc1,8.3
CHEMBL594312,CN(Cc1ccc(-n2cc3cccc(C(N)=O)c3n2)cc1)C(=O)C1CNC1,7.75
CHEMBL5417243,O=c1[nH]nc(Cc2ccccc2)c2c(O)cccc12,8.01
CHEMBL5411944,Cn1c(COc2cccc3c(=O)[nH]nc(Cc4ccc(F)c(C(=O)N5CCN(C(=O)C6CC6)CC5)c4)c23)cnc1[N+](=O)[O-],9.29
CHEMBL5403607,O=C(c1cc(Cc2n[nH]c(=O)c3ccc(O)cc23)ccc1F)N1CCN(C(=O)C2CC2)CC1,8.57
CHEMBL5814722,O=C(CCc1nc2ccccc2c(=O)[nH]1)N[C@H]1CC[C@H](c2nnc(-c3cnccn3)o2)CC1,5.26
CHEMBL2419891,O=c1[nH]c(-c2ccc(C(F)(F)F)cc2)nc2c1CCCC2,4.95
CHEMBL3317900,CCC(=O)N1CCN(C(=O)c2csc(Cc3n[nH]c(=O)c4ccccc34)c2)CC1,7.1
CHEMBL3317917,O=C(c1csc(Cc2n[nH]c(=O)c3ccccc23)c1)N1CCN(C(=O)c2ccccn2)CC1,7.34
CHEMBL3605985,Cc1cccc(CN2CCC(CN3Cc4cccc(C(N)=O)c4C3=O)CC2)c1,7.4
CHEMBL3606014,Cn1cccc1CN1CCC(N2Cc3cccc(C(N)=O)c3C2=O)CC1,5.8
CHEMBL3606017,NC(=O)c1cccc2c1C(=O)N(C1CCN(C3CCOCC3)CC1)C2,6.25
CHEMBL3606022,NC(=O)c1ccc(F)c2c1C(=O)N(C1CCN(C3CCC(F)(F)CC3)CC1)C2,5.72
CHEMBL4167790,NC(=O)c1cccc2[nH]c(-c3ccc(Nc4c5ccccc5nc5ccccc45)cc3)nc12,7.05
CHEMBL3289108,O=c1[nH]c(-c2ccc(O)cc2)nc2ccccc12,5.19
CHEMBL3827329,COc1cccc2c(=O)[nH]c(-c3ccc(C)cc3)nc12,5.62
CHEMBL338088,O=[N+]([O-])c1ccc(-c2nc(O)c3cccc(O)c3n2)cc1,6.98
CHEMBL127335,Oc1ccc(-c2nc(O)c3cccc(O)c3n2)cc1,6.07
CHEMBL4450818,O=C(CCCn1nc(-c2ccccc2)c2ccccc2c1=O)Nc1cccc(Cl)c1,7.01
CHEMBL4442022,O=C(c1cc(Cc2n[nH]c(=O)c3ccccc23)cc2c1OCC2)N1CCn2c(nnc2C(F)(F)F)C1,8.77
CHEMBL1935273,CC(C)(C)OC(=O)[C@@H]1CCCN1C(=O)CCC(=O)c1ccc2[nH]c3c4c(c5c(c3c2c1)C(=O)NC5=O)CCC4,8.15
CHEMBL493306,O=C(c1ccccc1)N1CCN(C(=O)c2cc(Cc3n[nH]c(=O)c4ccccc34)ccc2F)CC1,8.22
CHEMBL524190,O=C(c1cc(Cc2n[nH]c(=O)c3ccccc23)ccc1F)N1CCN(C(=O)C2CCCC2)CC1,8.7
CHEMBL523829,CN1CCN(C(=O)c2cccc(Cc3n[nH]c(=O)c4ccccc34)c2)CC1,7.06
CHEMBL3290455,CC1Cc2cccc(C(N)=O)c2O1,4.98
CHEMBL3290459,CC1Cc2cc(F)cc(C(N)=O)c2O1,5.61
CHEMBL3290460,C[C@@H]1Cc2cc(F)cc(C(N)=O)c2O1,5.82
CHEMBL3290466,NC(=O)c1nn(CCCN2C(=O)C(=O)c3ccccc32)c2ccccc12,5.17
CHEMBL3290474,NC(=O)c1cccc2c1O/C(=C\c1cccc(O)c1)C2=O,5.67
CHEMBL601260,O=C(c1cc(Cc2c[nH]c(=O)c3cc(Cl)c(Cl)n23)ccc1F)N1CCC2(CCCCN2)CC1,8.21
CHEMBL590561,CCN(CC)C1CCN(C(=O)c2cc(Cc3c[nH]c(=O)c4cc(Cl)c(Cl)n34)ccc2F)CC1,7.66
CHEMBL590805,O=C(c1cc(Cc2c[nH]c(=O)c3cc(Cl)c(Cl)n23)ccc1F)N1CCN(c2cc3ccccc3cn2)CC1,8.74
CHEMBL558056,O=C1NCCc2c1ccc1[nH]cc(CCNC3CCCCC3)c21,7.07
CHEMBL549642,O=C1NCCc2c1ccc1[nH]cc(CCNCc3cocn3)c21,6.75
CHEMBL551127,O=C(NCCc1c[nH]c2ccc3c(c12)CCNC3=O)c1cccnc1,7.35
CHEMBL564505,CN1CCCN(C(=O)NCCc2c[nH]c3ccc4c(c23)CCNC4=O)CC1,7.24
CHEMBL3092520,C[C@@H](CO)NC(=O)CCc1nc2ccccc2c(=O)[nH]1,5.7
CHEMBL3092553,O=C(CCc1nc2ccccc2c(=O)[nH]1)N[C@H](CO)Cc1ccccc1,5.19
CHEMBL3092541,O=C(CCc1nc2ccccc2c(=O)[nH]1)N[C@H]1CCc2ccccc21,6.29
CHEMBL1544030,NC(=O)c1ccccc1OCC(=O)N1CCc2ccccc2C1,7.37
CHEMBL521686,O=C(c1cc(Cc2n[nH]c(=O)c3ccccc23)ccc1F)N1CCN(C(=O)C2CC2)CC1,8
CHEMBL4533690,O=C(NC1CCN(CC2CC2)C1)c1cc(Cn2c(=O)[nH]c(=O)c3ccccc32)ccc1F,7.88
CHEMBL1173055,CNCc1ccc(-c2[nH]c3cc(F)cc4c3c2CCNC4=O)cc1,7.62
CHEMBL4521684,O=C(CCn1nc(-c2ccccc2)c2ccccc2c1=O)Nc1cccc(Cl)c1,7.01
CHEMBL1892587,O=C(O)CCc1nc(O)c2ccccc2n1,5.17
CHEMBL4849380,O=C(c1ccccn1)N1CCN(Cc2c(O)cc(O)c3c(=O)cc(-c4ccc(O)cc4)oc23)CC1,7.66
CHEMBL4850517,O=C(OCc1ccccc1)N1CCN(Cc2c(O)cc(O)c3c(=O)cc(-c4ccc(O)cc4)oc23)CC1,7.36
CHEMBL4861814,O=c1cc(-c2ccc(O)cc2)oc2c(CN3CCN(CC4CC4)CC3)c(O)cc(O)c12,7.26
CHEMBL4865730,COc1ccc(CN2CCN(Cc3c(O)cc(O)c4c(=O)cc(-c5ccc(O)cc5)oc34)CC2)cc1,7.45
CHEMBL4875196,O=c1cc(-c2ccc(O)cc2)oc2c(CN3CCN(Cc4ccc(F)cc4)CC3)c(O)cc(O)c12,7.46
CHEMBL4876922,O=c1cc(-c2ccc(O)cc2)oc2c(CN3CCN(Cc4ccco4)CC3)c(O)cc(O)c12,7.75
CHEMBL4848408,O=c1cc(-c2ccc(O)cc2)oc2c(CN3CCN(c4ccccc4O)CC3)c(O)cc(O)c12,7.43
CHEMBL4857076,O=C(c1cccc(F)c1F)C1CCN(Cc2c(O)cc(O)c3c(=O)cc(-c4ccc(O)cc4)oc23)CC1,7.1
CHEMBL3290457,C[C@H]1Cc2cccc(C(N)=O)c2O1,5.07
CHEMBL400581,O=c1[nH]c(N2CC(N3CC=C(c4ccccc4)CC3)C2)nc2ccccc12,6.3
CHEMBL1707591,CC(C)CC(=O)Nc1nnc2n1CCS2,4.26
CHEMBL4087554,CC(C)(C)OC(=O)N1CC[C@H](C(=O)Nc2cc(Cn3c(=O)[nH]c(=O)c4ccccc43)ccc2Br)C1,6.46
CHEMBL1086580,Oc1nc(-c2ccc(C(F)(F)F)cc2)nc2c1CSCC2,5.92
CHEMBL1767065,O=C(O)CNc1cccc2c(=O)[nH]ccc12,5.8
CHEMBL1584950,O=C(Oc1cccc2c(O)nccc12)c1ccccc1,5.39
CHEMBL4758337,NC(=O)c1cccc2cc(C(=O)N3CCN(c4nc(-c5cnc(N)cc5C(F)(F)F)nc(N5CCOCC5)n4)CC3)oc12,8.14
CHEMBL3317912,O=C(c1csc(Cc2n[nH]c(=O)c3ccccc23)c1)N1CCN(C(=O)c2ccc3c(c2)OCO3)CC1,7.4
CHEMBL2237218,O=C(c1ccc2[nH]c(=O)c3c(c2c1)CCSC3)N1CCN(CCc2ccccc2)CC1,7.72
CHEMBL2237222,CCCCCN1CCN(C(=O)c2ccc3[nH]c(=O)c4c(c3c2)CCSC4)CC1,7.1
CHEMBL2237238,CCOC(=O)c1ccc2[nH]c(=O)c3c(c2c1)CCSC3,6.27
CHEMBL2419716,O=C(CCc1ccccc1)N(Cc1ccsc1)Cc1nc2c(c(=O)[nH]1)COCC2,4.15
CHEMBL3394708,COc1ccc2c(c1)CCN1C(=O)c3ccccc3C21O,5.97
CHEMBL1652713,O=c1[nH]c2cc(CO)ccc2c2sccc12,6.4
CHEMBL310320,O=C([C@@H]1CCCN1)N1CCc2c(nc(O)c3ccccc23)C1,7.51
CHEMBL4458937,COc1cc(O)c(Cl)c(C)c1-c1cc(O)cc2cc3c(c(O)c12)C(=O)c1c(cc(O)c(Cl)c1O)C3(C)C,5.05
CHEMBL1173518,O=c1[nH]ccc2c(Br)cccc12,6.57
CHEMBL186418,O=c1[nH]c(CCCN2CC=C(c3ccccc3)CC2)nc2cccc(Cl)c12,7.19
CHEMBL289834,O=C(NCCc1ccccc1)c1ccc2c(c1)nc(O)c1cc(F)ccc12,6.82
CHEMBL417002,CS(=O)(=O)O.O=S(=O)(NCCN1CCCCC1)c1ccc2nc(O)c3ccccc3c2c1,7.44
CHEMBL245558,O=C1NC(=O)c2c1c1c(c3[nH]c4ccc(-c5csc(-c6ccno6)n5)cc4c23)CCC1,7.18
CHEMBL246193,CC(C)(C)OC(=O)NC(CCCc1nc(-c2ccc3[nH]c4c5c(c6c(c4c3c2)C(=O)NC6=O)CCC5)cs1)C(=O)OC(C)(C)C,7.34
CHEMBL5430669,Cn1c([N+](=O)[O-])cnc1COc1ccc2c(Cc3ccc(F)c(C(=O)N4CCN(C(=O)C5CC5)CC4)c3)n[nH]c(=O)c2c1,5.26
CHEMBL521686,O=C(c1cc(Cc2n[nH]c(=O)c3ccccc23)ccc1F)N1CCN(C(=O)C2CC2)CC1,9.29
CHEMBL193918,Cc1noc(-c2cccc(Cc3nnc(O)c4ccccc34)c2)n1,6.72
CHEMBL195402,O=C1CCC(=O)N1c1cccc(Cc2n[nH]c(=O)c3ccccc23)c1,7.92
CHEMBL363617,O=C1C=CC(=O)N1c1cccc(Cc2nnc(O)c3ccccc23)c1,7.89
CHEMBL313782,O=S(=O)(CCN1CCCCC1)N1CCc2c(nc(O)c3ccccc23)C1,6.42
CHEMBL3291320,CN(C)CCNC(=O)c1cc2[nH]c(=O)c3ccccc3c2n1C,5.96
CHEMBL3291324,Cn1c(C(=O)N2CCCNCC2)c(Br)c2[nH]c(=O)c3ccccc3c21,7
CHEMBL481793,C=Cc1cnc2c(C(N)=O)cccc2c1,5.24
CHEMBL558645,O=C(CN1CCOCC1)NCCc1c[nH]c2ccc3c(c12)CCNC3=O,6.64
CHEMBL560133,O=C(NCCc1c[nH]c2ccc3c(c12)CCNC3=O)c1ccccn1,7.36
CHEMBL560790,O=C1NCCc2c1ccc1[nH]cc(CCNC(=O)N3CCCNCC3)c21,7.57
CHEMBL559043,O=C1NCCc2c1ccc1[nH]cc(CCNC(=O)N3CCCN(Cc4ccccc4)CC3)c21,6.64
CHEMBL551657,Cc1cc2[nH]c(=O)c3ccccc3n2n1,6.52
CHEMBL550041,O=C(c1cccc(-c2cc3[nH]c(=O)c4ccccc4n3n2)c1)N1CCN2CCC[C@H]2C1,6.3
CHEMBL553004,CCc1ccc(-c2cc3[nH]c(=O)c4ccccc4n3n2)cc1,6.3
CHEMBL550787,O=c1[nH]c2cc(-c3cccs3)nn2c2ccccc12,6.82
CHEMBL571223,O=c1[nH]c2cc(-c3ccccc3)nn2c2ccccc12,7
CHEMBL551916,COc1cccc(-c2cc3[nH]c(=O)c4ccccc4n3n2)c1OC,7
CHEMBL516766,COc1cc(/C=C/C(=O)Nc2nc3c(s2)CCCC3)cc(OC)c1,5.03
CHEMBL452100,O=C(/C=C/c1ccccc1)Nc1nc(-c2ccccc2)cs1,6.65
CHEMBL247580,CC(C)(C)S(=O)(=O)Cc1nc(-c2ccc3[nH]c4c5c(c6c(c4c3c2)C(=O)NC6=O)CCC5)cs1,7.68
CHEMBL53738,O=c1cc(-c2ccc(F)cc2)oc2ccccc12,5
CHEMBL222556,O=c1cc(-c2ccc(O)c(O)c2)oc2ccccc12,5.89
CHEMBL189500,Oc1nc(CCCN2CCN(c3ccccc3)CC2)nc2ccccc12,7.15
CHEMBL251030,O=c1[nH]c(CCCN2CC=C(c3ccc(F)cc3)CC2)nc2c(Cl)cccc12,7.89
CHEMBL1094636,NC(=O)c1cccc2cn(-c3ccc([C@@H]4CCCNC4)cc3)nc12,7.52
CHEMBL506871,C[C@]1(c2nc3c(C(N)=O)cccc3[nH]2)CCCN1,8
CHEMBL3105404,Cc1c(C(=O)N2CCN(C(=O)CCc3nc4ccccc4c(=O)[nH]3)CC2)oc2ccccc12,6.89
CHEMBL3105403,O=C(CCc1nc2ccccc2c(=O)[nH]1)N1CCN(C(=O)c2ccc[nH]2)CC1,7.53
CHEMBL3105400,O=C(CCc1nc2ccccc2c(=O)[nH]1)N1CCN(C(=O)C2CCCC2)CC1,6.96
CHEMBL4069447,Cc1cccc2c(=O)[nH]c(CCC(=O)Nc3ccc(C(=O)Nc4cccc5cccnc45)cc3)nc12,5.19
CHEMBL3427055,O=C(O)c1cccc2cn(-c3ccc([C@@H]4CCCNC4)cc3)nc12,8.42
CHEMBL3290485,NC(=O)c1cccc2c1O/C(=C\c1ccc(OCCCN3CCOCC3)cc1)C2=O,6.14
CHEMBL3290488,NC(=O)c1cccc2c1O/C(=C\c1ccc(OCC(O)CN3CCOCC3)cc1)C2=O,6.75
CHEMBL3290491,CN1CCN(CCCS(=O)(=O)Nc2ccc(/C=C3\Oc4c(C(N)=O)cccc4C3=O)cc2)CC1,6.95
CHEMBL1098299,NC(=O)c1cccc2cn(-c3ccc(C4CCNCC4)cc3)nc12,8.05
CHEMBL1090019,O=c1[nH]c2ccc(OC3CCN(Cc4ccccc4)CC3)cc2c2c1CSCC2,7.28
CHEMBL1094953,NC(=O)c1cccc2cn(-c3cccc(Cl)c3)nc12,7.85
CHEMBL1094952,NC(=O)c1cccc2cn(-c3ccccc3Cl)nc12,7
CHEMBL3290465,CC1Cc2c(N)ccc(C(N)=O)c2O1,5.33
CHEMBL186418,O=c1[nH]c(CCCN2CC=C(c3ccccc3)CC2)nc2cccc(Cl)c12,7.19
CHEMBL545507,Cl.O=C(CN1CCC(N2CCCC2)CC1)Nc1ccc2nc(O)c3ccccc3c2n1,6.85
CHEMBL361054,O=c1[nH]c(=O)n(CCCCN2CC=C(c3ccccc3)CC2)c2cccc(F)c12,7.22
CHEMBL506871,C[C@]1(c2nc3c(C(N)=O)cccc3[nH]2)CCCN1,8.28
CHEMBL245536,CCNC(=O)NCc1nc(-c2ccc3[nH]c4c5c(c6c(c4c3c2)C(=O)NC6=O)CCC5)cs1,7.7
CHEMBL3113568,O=C1NCCn2c(-c3ccc(OCCF)cc3)nc3cccc1c32,8.2
CHEMBL449084,COc1ccc(C(=O)CNC(=O)CCn2c3c(c(=O)[nH]c2=O)CCCC3)cc1,6.52
CHEMBL4641894,O=C(OCc1ccccc1)N1CCN(CCSc2nc3ccccc3c(=O)[nH]2)CC1,6.45
CHEMBL1329044,CCCN1Cc2cccc(C(N)=O)c2C1=O,5.94
CHEMBL3605986,NC(=O)c1cccc2c1C(=O)N(CC1CCN(Cc3ccccc3)CC1)C2,5.7
CHEMBL3606007,NC(=O)c1cccc2c1C(=O)N(C1CCN(Cc3cccnc3)CC1)C2,4.87
CHEMBL3617772,CNCc1ccc(-c2[nH]c3cc(F)cc4c3c2C(=O)NNC4=O)cc1,8.18
CHEMBL84886,O=C(CN1CCCCC1)N1CCc2c(nc(O)c3ccccc23)C1,6.79
CHEMBL84044,O=C1NC2CCCCC2c2ccccc21,5.12
CHEMBL47508,O=C(NCCN1CCOCC1)c1ccc2c(c1)nc(O)c1cc(F)ccc12,7.85
CHEMBL2237214,O=C(c1ccc2[nH]c(=O)c3c(c2c1)CCSC3)N1CCN(c2ccncc2)CC1,7.7
CHEMBL2237223,O=C(c1ccc2[nH]c(=O)c3c(c2c1)CCSC3)N1CCN(CCCC(F)(F)F)CC1,6.87
CHEMBL2237229,O=C(c1ccc2[nH]c(=O)c3c(c2c1)CCSC3)N1CCCCC1,6.76
CHEMBL106734,Nc1ccc2nc(O)c3ccccc3c2n1,6.68
CHEMBL107659,CN1C[C@H]2C[C@@H]1CN2c1ccc2nc(O)c3ccccc3c2n1.CS(=O)(=O)O,7.29
CHEMBL3394709,O=C1c2ccccc2C2(O)c3ccc(Br)cc3CCN12,6.86
CHEMBL3764422,CN(C)Cc1ccc(C2Nc3cccc4c(=O)[nH]nc(c34)C2c2ccc(F)cc2)cc1,8.61
CHEMBL3765611,CN(C)Cc1ccc(C2Nc3cc(F)cc4c(=O)[nH]nc(c34)C2c2ccc(F)cc2)cc1,8.58
CHEMBL3763674,O=c1[nH]nc2c3c(cccc13)NC(c1ccc(CN3CCC3)cc1)C2c1ccc(F)cc1,8.51
CHEMBL3763492,Cn1ccnc1C1Nc2cccc3c(=O)[nH]nc(c23)C1c1nccn1C,7.61
CHEMBL3763188,Cn1ccnc1C1c2n[nH]c(=O)c3cc(F)cc(c23)NC1c1ccccc1,8.67
CHEMBL3764188,Cn1nccc1C1c2n[nH]c(=O)c3cc(F)cc(c23)NC1c1ccc(F)cc1,8.73
CHEMBL521686,O=C(c1cc(Cc2n[nH]c(=O)c3ccccc23)ccc1F)N1CCN(C(=O)C2CC2)CC1,8.71
CHEMBL1767067,NC(=O)c1cccc2nc(-c3ccc(Cl)cc3)cnc12,7.52
CHEMBL4100391,NC(=O)c1cccc2[nH]c(C(=O)NC3CCN(CC(F)(F)F)CC3)nc12,7.47
CHEMBL4100150,CC(C)(C)CN1CCC(NC(=O)c2nc3c(C(N)=O)cccc3[nH]2)CC1,7.39
CHEMBL4070559,CCCNC1CCN(C(=O)c2nc3c(C(N)=O)cccc3[nH]2)C1,7.1
CHEMBL4081378,NC(=O)c1cc(F)cc2[nH]c(C(=O)N3CCC(NC4CCCCC4)C3)nc12,7.43
CHEMBL410733,Nc1cccnc1N1CCN(C(=O)CNC(=O)CCn2c3c(c(=O)[nH]c2=O)CSCC3)CC1,7.16
CHEMBL247374,NCc1ccc2[nH]c3c4c(c5c(c3c2c1)C(=O)NC5=O)CCC4,7.75
CHEMBL246750,O=C1NC(=O)c2c1c1c(c3[nH]c4ccc(-c5csc(CNC(=O)C6CCCC6)n5)cc4c23)CCC1,7.28
CHEMBL47846,O=[N+]([O-])c1ccc2c(c1)nc(O)c1cc([N+](=O)[O-])ccc12,4.46
CHEMBL189695,O=S(=O)(NCCCNN1CCOCC1)c1cc2c(cc1F)-c1nc(O)c3ccccc3c1C2,6.35
CHEMBL194155,Nc1ccc2c(c1)Cc1c-2nc(O)c2ccccc12,7.01
CHEMBL371339,O=C(CN1CCN(c2ccc(F)cc2)CC1)Nc1ccc2c(c1)Cc1c-2nc(O)c2ccccc12,7.1
CHEMBL364691,O=S(=O)(NCCCn1ccnc1)c1ccc2c(c1)Cc1c-2nc(O)c2ccccc12,6.41
CHEMBL5175573,NC(=O)c1cccc2cn(-c3ccc(OCCCCC(=O)NO)cc3)nc12,6.99
CHEMBL266540,O=c1[nH]cnc2ccccc12,5.02
CHEMBL297175,Cc1cc2nc(O)c3ccccc3c2cc1NC(=O)C[N+](C)(C)C.[Cl-],6.71
CHEMBL1094969,CCNCc1ccc(-n2cc3cccc(C(N)=O)c3n2)cc1,8.37
CHEMBL1094632,CN1CCN(Cc2ccc(-n3cc4cccc(C(N)=O)c4n3)cc2)CC1,7.51
CHEMBL1094631,NC(=O)c1cccc2cn(-c3ccc(CN4CCOCC4)cc3)nc12,7.77
CHEMBL3291323,Cn1c(C(=O)N2CCCNCC2)c(Cl)c2[nH]c(=O)c3ccccc3c21,7
CHEMBL3291329,Cn1c(C(=O)NCCN2CCCC2)cc2c1-c1ccccc1C(=O)NC2,5.09
CHEMBL3291330,Cc1c(C(=O)N2CCN(C)CC2)sc2c1[nH]c(=O)c1ccccc12,6.64
CHEMBL3286446,Cc1c(C(=O)N2CC=C(c3ccc(F)cc3)CC2)sc2c1[nH]c(=O)c1ccccc12,6.88
CHEMBL3394703,COc1cc2c(cc1OC)C1(O)C3C4c5ccccc5C(c5ccccc54)C3C(=O)N1CC2,5.79
CHEMBL2347901,NC(=O)c1cncc2[nH]c(C3CCNCC3)nc12,6.08
CHEMBL84044,O=C1NC2CCCCC2c2ccccc21,5.12
CHEMBL1891423,Oc1ncnc2ccsc12,4.85
CHEMBL379251,CCCN1CCCN(C(=O)c2cccc(Cc3nnc(O)c4ccccc34)c2)CC1,8
CHEMBL5208518,C=C1C(=O)OC2C[C@@]3(C)CCC=C(COC(=O)CCC4CCN(C(=O)c5cc(Cc6n[nH]c(=O)c7ccccc67)ccc5F)CC4)C3=CC12,7.1
CHEMBL5198896,C=C1C(=O)OC2C[C@@]3(C)CCC=C(COC(=O)CCNC(=O)c4cc(Cc5n[nH]c(=O)c6ccccc56)ccc4F)C3=CC12,6.87
CHEMBL5176961,C=C1C(=O)OC2C[C@@]3(C)CCC=C(COC(=O)CCN(C)C(=O)c4cc(Cc5n[nH]c(=O)c6ccccc56)ccc4F)C3=CC12,8.66
CHEMBL5180523,C[C@H]1CCC[C@]2(C)CC3OC(=O)C(CN(C)CCCC(=O)N4CCN(C(=O)c5cc(Cc6n[nH]c(=O)c7ccccc67)ccc5F)CC4)C3C=C12,7.37
CHEMBL5193657,C[C@]12CCC=C(CO)C1=CC1C(C2)OC(=O)C1CNCCCCCCCC(=O)N1CCN(C(=O)c2cc(Cc3n[nH]c(=O)c4ccccc34)ccc2F)CC1,6.38
CHEMBL297200,O=S(=O)(NCC(c1ccccc1)c1ccccc1)c1ccc2nc(O)c3ccccc3c2c1,4.85
CHEMBL480108,O=C1NCCn2cnc3cccc1c32,6.52
CHEMBL506871,C[C@]1(c2nc3c(C(N)=O)cccc3[nH]2)CCCN1,8.48
CHEMBL506871,C[C@]1(c2nc3c(C(N)=O)cccc3[nH]2)CCCN1,8.48
CHEMBL372303,CN(C)CC(=O)Nc1ccc2[nH]c(=O)c3ccccc3c2c1,7.96
CHEMBL2237216,O=C(c1ccc2[nH]c(=O)c3c(c2c1)CCSC3)N1CCN(c2ccccc2)CC1,6.63
CHEMBL2237220,CCCC(C)N1CCN(C(=O)c2ccc3[nH]c(=O)c4c(c3c2)CCSC4)CC1,7.4
CHEMBL2237225,CCCN1CCN(C(=O)c2ccc3[nH]c(=O)c4c(c3c2)CCSC4)CC1,7.35
CHEMBL2237230,O=C(NCCN1CCN(c2ccccc2)CC1)c1ccc2[nH]c(=O)c3c(c2c1)CCSC3,6.78
CHEMBL2237236,NCCCCNC(=O)c1ccc2[nH]c(=O)c3c(c2c1)CCSC3,7.57
CHEMBL2347902,NC(=O)c1cncc2[nH]c(C3CCCNC3)nc12,6.2
CHEMBL125200,Cc1cccc2c1CCNC2=O,6.38
CHEMBL187042,Cc1ccc(C2=CCN(CCCc3nc(O)c4ccccc4n3)CC2)cc1,7.77
CHEMBL185742,N#Cc1ccc(C2=CCN(CCCc3nc(O)c4ccccc4n3)CC2)cc1,8.22
CHEMBL3290470,NC(=O)c1cccc2c1O/C(=C\c1ccc(Cl)cc1)C2=O,5.21
CHEMBL3291318,Cn1c(C(=O)N2CCCNCC2)cc2[nH]c(=O)c3ccccc3c21,7
CHEMBL340481,COc1ccc(-c2nc(O)c3cccc(OC)c3n2)cc1,5.91
CHEMBL4874589,CCc1cc2cnc(CN3CCN(c4ccc(C(=O)NC)nc4)CC3)cc2[nH]c1=O,8.52
CHEMBL3963921,O=c1[nH]nc2c3c(c(Br)ccc13)NC1=C2CCCCC1,7.17
CHEMBL3948244,O=c1[nH]nc2c3c(c(Br)ccc13)NC1=C2CCCC1,7.77
CHEMBL3953563,O=c1[nH]nc2c3c(c(Cl)ccc13)NC1=C2CCCC1,7.99
CHEMBL425201,O=c1[nH]nc(CCCCN2CC=C(c3ccccc3)CC2)c2ccccc12,7.19
CHEMBL196450,O=C1CC(c2ccccc2)C(=O)N1c1cc(Cc2n[nH]c(=O)c3ccccc23)ccc1F,8.17
CHEMBL107709,Oc1nc2ccc(NCCN3CCOCC3)nc2c2ccccc12,6.47
CHEMBL433965,O=S(=O)(c1cc2c(cc1F)-c1nc(O)c3ccccc3c1C2)n1ccnc1,6.3
CHEMBL5190481,O=c1[nH]c(CCCN2CCN(c3ccc(F)cc3F)CC2)nc2c(Cl)cccc12,8.15
CHEMBL5197101,CCc1cc2ccc(CN3CCN(c4ccc(C(=O)NC)nc4)CC3)cc2[nH]c1=O,8.3
CHEMBL543159,Cl.O=C(CN1CCCCC1)Nc1cnc2c(c1)nc(O)c1ccccc12,6.96
CHEMBL370045,Oc1nc2c(c3ccccc13)Cc1ccc(F)cc1-2,6.3
CHEMBL190895,Oc1nc2c(c3ccccc13)Cc1cc(F)ccc1-2,6.19
CHEMBL371596,O=C(CO)Nc1ccc2c(c1)Cc1c-2nc(O)c2ccccc12,6.96
CHEMBL190434,O=S(=O)(NCCCN1CCOCC1)c1ccc2c(c1)Cc1c-2nc(O)c2ccccc12,9
CHEMBL84265,O=S(=O)(CCN1CCCCC1)N1CCc2nc(O)c3ccccc3c2C1,6.68
CHEMBL436298,O=C1C2CC2C(=O)N1c1cc(Cc2nnc(O)c3ccccc23)ccc1F,8.3
CHEMBL370217,O=C1CCCC(=O)N1c1cc(Cc2n[nH]c(=O)c3ccccc23)ccc1F,8.39
CHEMBL399725,O=c1[nH]c(CCCN2CC=C(c3ccccc3)CC2)nc2ccccc12,7.8
CHEMBL250211,O=c1[nH]c([C@H]2CC[C@@H](N3CC=C(c4ccccc4)CC3)CC2)nc2ccccc12,5.8
CHEMBL510733,Nc1ncnc2c1ncn2[C@@H]1O[C@H](COC(=O)N2CCN(CC(=O)Nc3cccc4c3CNC4=O)CC2)[C@@H](O)[C@H]1O,7.35
CHEMBL5574533,CSCC[C@H](NC(=O)c1cc(Cc2n[nH]c(=O)c3ccccc23)ccc1F)C(=O)N[C@@H](CC(C)C)B1O[C@@H]2C[C@@H]3C[C@@H](C3(C)C)[C@]2(C)O1,6.99
CHEMBL84371,O=C(CCN1CCC(N2CCCC2)CC1)N1CCc2nc(O)c3cc(F)ccc3c2C1,7.5
CHEMBL125759,NC(=O)c1cccc(F)c1,4.7
CHEMBL46196,COC(=O)c1ccc2c(c1)nc(O)c1cc(F)ccc12,7.43
CHEMBL1649756,O=c1[nH]c2c(Cc3nnn[nH]3)c3ccccc3n2c2ccccc12,7.92
CHEMBL594214,O=c1[nH]c2c(nc3cc(Cl)ccn32)c2ccccc12,5.23
CHEMBL609862,CNCc1ccc(-n2cc3cccc(C(N)=O)c3n2)cc1,8.42
CHEMBL1094968,CN(C)CCN(C)Cc1ccc(-n2cc3cccc(C(N)=O)c3n2)cc1,8.23
CHEMBL1097627,NC(=O)c1cccc2cn(-c3ccc(CN4CCCCC4)cc3)nc12,8.72
CHEMBL1096641,CN(C)Cc1ccc(-n2cc3cccc(C(N)=O)c3n2)cc1,8.43
CHEMBL1094313,NC(=O)c1cccn2nc(-c3ccccc3)nc12,6.57
CHEMBL605929,CN1CC(C(=O)Nc2ccc(-n3cc4cc(F)cc(C(N)=O)c4n3)cc2F)C1,8.22
CHEMBL593855,CNCc1ccc(-n2cc3c(F)c(F)cc(C(N)=O)c3n2)cc1,7.6
CHEMBL593828,CNCc1ccc(-n2cc3cccc(C(N)=O)c3n2)cc1OC,8.4
CHEMBL596144,NC(=O)c1cccc2cn(-c3cccc(C(=O)N4CCCNCC4)c3)nc12,7.4
CHEMBL608994,O=C1NCC2NCCc3cccc1c32,6.85
CHEMBL596389,O=C1NCC2c3c(cccc31)CCN2C(=O)Cc1ccccc1,8.1
CHEMBL594521,O=C1NCC2c3c(cccc31)CCN2C(=O)Cc1ccc(Br)cc1,8.15
CHEMBL596354,O=C1NCC2c3c(cccc31)CCN2C(=O)CCn1cnc2ccccc21,9
CHEMBL595464,CN1CCN(CC(=O)N2CCc3cccc4c3C2CNC4=O)CC1,7.01
CHEMBL594679,O=c1[nH]c2c(nc3ccc(Br)cn32)c2ccccc12,4.92
CHEMBL482059,NC(=O)c1ccccc1OCCc1ccc(F)c(C(=O)N2CCN(C(=O)C3CCCC3)CC2)c1,6.99
CHEMBL481867,NC(=O)c1ccccc1OCCc1cccc(C(=O)N2CCN(C(=O)C3CCCC3)CC2)c1,6.7
CHEMBL481881,O=C(c1cccc(Cc2n[nH]c(=O)c3ccccc23)c1)N1CCN(C(=O)C2CCCC2)CC1,8.1
CHEMBL481603,N#Cc1ccc(-c2cnc3cccc(C(N)=O)c3n2)cc1,7
CHEMBL471959,CC(Oc1ccccc1)C(=O)N1CCN(C(=O)c2cc(CCOc3ccccc3C(N)=O)ccc2F)CC1,7.72
CHEMBL1098296,NC(=O)c1cccc2cn(-c3ccc4c(c3)CCNC4)nc12,8.85
CHEMBL1094959,CC(C)NCc1ccc(-n2cc3cccc(C(N)=O)c3n2)cc1,8.17
CHEMBL1169488,NC(=O)c1cccc2cc(-c3ccccc3)nn12,7.26
CHEMBL2237213,O=C(c1ccc2[nH]c(=O)c3c(c2c1)CCSC3)N1CCN(C2CCCCCC2)CC1,7.17
CHEMBL2237215,O=C(c1ccc2[nH]c(=O)c3c(c2c1)CCSC3)N1CCN(C2CCCC2)CC1,7.33
CHEMBL2237217,O=C(c1ccc2[nH]c(=O)c3c(c2c1)CCSC3)N1CCN(Cc2ccccc2)CC1,6.73
CHEMBL2237228,O=C(c1ccc2[nH]c(=O)c3c(c2c1)CCSC3)N1CCNCC1,8.1
CHEMBL2237232,O=C(NCCN1CCNCC1)c1ccc2[nH]c(=O)c3c(c2c1)CCSC3,7.44
CHEMBL2237234,O=C(NCCN1CCCCC1)c1ccc2[nH]c(=O)c3c(c2c1)CCSC3,7.24
CHEMBL2237237,NCCNC(=O)c1ccc2[nH]c(=O)c3c(c2c1)CCSC3,7.77
CHEMBL2237239,O=C(O)c1ccc2[nH]c(=O)c3c(c2c1)CCSC3,7.11
CHEMBL526128,CCc1ccc2cccc(C(N)=O)c2n1,6.1
CHEMBL501330,C#Cc1cnc2c(C(N)=O)cccc2c1,5.64
CHEMBL479635,NC(=O)c1cccc2cc(-c3cccc(C(F)(F)F)c3)cnc12,4.28
CHEMBL3763641,Cc1cccc2c(=O)[nH]c(-c3ccc(CN(C)C)cc3)cc12,6.57
CHEMBL597926,Cc1c(Cc2ccc(F)c(C(=O)N3CCN(C(=O)[C@]4(C)CCCN4)CC3)c2)n[nH]c(=O)c1C,8.42
CHEMBL598350,Cc1c(Cc2ccc(F)c(C(=O)N3CCN(C(=O)C4CCNC4)CC3)c2)n[nH]c(=O)c1C,8.41
CHEMBL590632,C=CCC1(C(=O)N2CCN(C(=O)c3cc(Cc4n[nH]c(=O)c(C)c4C)ccc3F)CC2)CCCN1,8.74
CHEMBL590882,Cc1c(Cc2ccc(F)c(C(=O)N3CCN(C(=O)C4(Cc5ccccc5)CCCN4)CC3)c2)n[nH]c(=O)c1C,8.48
CHEMBL3763497,Cn1ncnc1C1c2n[nH]c(=O)c3cc(F)cc(c23)NC1c1ccccc1,8.59
CHEMBL3765056,Cn1ncnc1C1c2n[nH]c(=O)c3cccc(c23)NC1c1ccc(F)cc1,8.64
CHEMBL122690,NC(=O)c1cccc(Br)c1,4.26
CHEMBL446861,Cc1nn(C)c2[nH]c(=O)c3c(c12)CSC3,7.03
CHEMBL497592,Cn1nc(-c2cccs2)c2c3c(c(=O)[nH]c21)CSC3,6.37
CHEMBL525167,Cn1nc(-c2ccccc2)c2c1NC(=O)C1CCCCC21,8.14
CHEMBL127336,O=C1NCCc2c(OCCCCN3CCCCC3)cccc21,4.97
CHEMBL593043,Cc1ccc2nc3c4ccccc4c(=O)[nH]c3n2c1,5.37
CHEMBL520574,CC(Oc1ccccc1)C(=O)N1CCN(C(=O)c2cccc(COc3ccccc3C(N)=O)c2)CC1,7.44
CHEMBL480900,NC(=O)c1ccccc1OCc1cccc(C(=O)N2CCN(C(=O)C3CCCC3)CC2)c1,6.73
CHEMBL201616,O=C(c1cccc(Cc2n[nH]c(=O)c3ccccc23)c1)N1CCNCC1,8.7
CHEMBL82342,Oc1nc2ccncc2c2ccccc12,6.89
CHEMBL452158,CCOC(=O)CCC(=O)Nc1nc(-c2ccccc2)cs1,6.62
CHEMBL195913,O=C1CCC(=O)N1c1cc(Cc2n[nH]c(=O)c3ccccc23)ccc1Cl,7.72
CHEMBL196559,O=C1CCCN1c1cccc(Cc2n[nH]c(=O)c3ccccc23)c1,6.92
CHEMBL381652,CC(=O)Nc1cccc(Cc2n[nH]c(=O)c3ccccc23)c1,7.05
CHEMBL480613,CN(C)CCCOc1ccc(-c2nc3cccc4c3n2CCNC4=O)cc1,7.2
CHEMBL480227,O=C1NCCn2c(CN3CCCCC3)cc3cccc1c32,6.96
CHEMBL108431,CS(=O)(=O)O.Oc1nc2ccc(N3CCN(CC4CC4)CC3)nc2c2ccccc12,7.15
CHEMBL1767053,O=C(Nc1cccc2c(=O)[nH]ccc12)c1ccc(I)cc1,5.12
CHEMBL521686,O=C(c1cc(Cc2n[nH]c(=O)c3ccccc23)ccc1F)N1CCN(C(=O)C2CC2)CC1,7.97
CHEMBL5277605,O=c1[nH]c2c(c(=O)[nH]1)C(c1cccs1)c1[nH]c(=S)[nH]c(=S)c1O2,4.96
CHEMBL5276959,O=c1[nH]c2c(c(=O)[nH]1)C(c1cccs1)c1[nH]c(=S)n(-c3ccccc3)c(=O)c1O2,5.44
CHEMBL5271762,CCO/C=N/C1=C(C#N)C(c2cccs2)c2c([nH]c(=O)[nH]c2=O)O1,4.31
CHEMBL564183,CCN(CC)CCc1c[nH]c2ccc3c(c12)CCNC3=O,6.89
CHEMBL550724,CN1CCC(CC(=O)NCCc2c[nH]c3ccc4c(c23)CCNC4=O)CC1,7
CHEMBL609862,CNCc1ccc(-n2cc3cccc(C(N)=O)c3n2)cc1,8.42
CHEMBL81977,NC(=O)c1cccc(N)c1,4.77
CHEMBL108339,COc1ccc(N2CCN(C(=O)CNC(=O)CCn3c4c(c(=O)[nH]c3=O)CSCC4)CC2)cc1,7.7
CHEMBL480428,N#Cc1ccc(-c2cnc3c(C(N)=O)cccc3c2)cc1,4.57
CHEMBL480233,COc1ccc(-c2cnc3c(C(N)=O)cccc3c2)cc1,4.21
CHEMBL1173055,CNCc1ccc(-c2[nH]c3cc(F)cc4c3c2CCNC4=O)cc1,6.52
CHEMBL5410421,Cc1c2ccc(N(C)c3ccnc(Nc4ccc(-c5nc6cc(F)c(F)cc6[nH]5)c(Cl)c4)n3)cc2nn1C,6.12
CHEMBL46137,O=S(=O)(O)c1ccc2c(c1)nc(O)c1cc(F)ccc12,8
CHEMBL296750,Cc1cccc2c(O)nc3cc(F)ccc3c12,7.04
CHEMBL105765,O=C(CCCCCn1c2c(c(=O)[nH]c1=O)CSCC2)NCC(=O)N1CCN(c2ncccn2)CC1,6.6
CHEMBL110178,O=C(CCn1c2c(c(=O)[nH]c1=O)CSCC2)NCC(=O)N1CCN(c2ccncc2)CC1,7.4
CHEMBL609020,CNCc1ccc(-n2cc3cc(F)cc(C(N)=O)c3n2)cc1F,8.7
CHEMBL593378,NC(=O)c1cccc2cn(-c3ccc(NC(=O)CN4CCOCC4)cc3)nc12,7.52
CHEMBL596143,NC(=O)c1cccc2cn(-c3ccc(C(=O)N4CCCNCC4)cc3)nc12,7.66
CHEMBL594141,NC(=O)c1cccc2cn(-c3ccc(C(=O)NCCN4CCOCC4)cc3)nc12,7.27
CHEMBL204250,O=C1NC(=O)c2c1c1c(c3[nH]c4ccccc4c23)CCC1,7.44
CHEMBL205135,CC(C)(C)OC(=O)NCCCCC(NC(=O)OC(C)(C)C)C(=O)NCc1ccc2[nH]c3c4c(c5c(c3c2c1)CNC5=O)CCC4,6.17
CHEMBL380488,O=C1NCc2c1c1c(c3[nH]c4ccc(Cl)cc4c23)CCC1,6.92
CHEMBL310120,N[C@@H](CCC(=O)N1CCc2nc(O)c3ccccc3c2C1)C(=O)O,7.05
CHEMBL311091,Oc1nc2cnccc2c2ccccc12,6.77
CHEMBL193512,CC(C)C(=O)Nc1cccc(Cc2nnc(O)c3ccccc23)c1,6.43
CHEMBL3649716,CCCN1CCC(Oc2ccc3[nH]c(=O)c4c(c3c2)NCCC4)CC1,5.99
CHEMBL3649722,O=c1[nH]c2ccc(OCCN3CCCCC3)cc2c2c1CCCN2,6.34
CHEMBL3649728,O=c1[nH]c2ccc(OCCN3CCC(c4ccccc4)CC3)cc2c2c1CCCN2,5.84
CHEMBL3649741,CN(C)CCCOc1ccc2c3c(c(=O)[nH]c2c1)CCCN3,5.52
CHEMBL3649750,CC(C)NCc1ccc2c3c(c(=O)[nH]c2c1)CCCN3,6.58
CHEMBL3649777,COc1cc(CN2CCOCC2)cc2[nH]c(=O)c3c(c12)NCCC3,6.64
CHEMBL3649785,COc1cc(CN2CC=CC2)cc2[nH]c(=O)c3c(c12)NCCC3,7.22
CHEMBL3649789,CCN(CC)Cc1cc(OC)c2c3c(c(=O)[nH]c2c1)CCCN3,6.96
CHEMBL3649791,COc1cc(CNC(C)C)cc2[nH]c(=O)c3c(c12)NCCC3,6.96
CHEMBL3705003,COc1cc(C[N+](C)(C)C2CCCC2)cc2[nH]c(=O)c3c(c12)NCCC3,6.54
CHEMBL3649797,COc1cc(CN(C)CCF)cc2[nH]c(=O)c3c(c12)NCCC3,6.77
CHEMBL3649799,COc1cc(CNN2CCOCC2)cc2[nH]c(=O)c3c(c12)NCCC3,6.11
CHEMBL3649805,CCOc1cc(CNC)cc2[nH]c(=O)c3c(c12)NCCC3,6.92
CHEMBL543394,Cl.Oc1nc2ccc(N3CCC(N4CCCC4)CC3)nc2c2ccccc12,7.12
CHEMBL516910,NC(=O)c1cc(F)ccc1OCc1ccc(F)c(C(=O)N2CCN(C(=O)C3CCCC3)CC2)c1,7.92
CHEMBL513052,NC(=O)c1ccc(F)cc1OCc1ccc(F)c(C(=O)N2CCNCC2)c1,6.6
CHEMBL2323530,O=C(c1cc(Cc2n[nH]c(=O)c3ccccc23)ccc1F)N1CCc2cccc3c2C1CC3F,6.25
CHEMBL2323220,O=C(NCC(=O)N1CCc2cccc3c2C1CNC3=O)c1cc(Cc2n[nH]c(=O)c3ccccc23)ccc1F,7.48
CHEMBL2321894,COc1ccc(N2CCN(C(=O)CNC(=O)CCCN3CCc4cccc5c4C3CNC5=O)CC2)cc1,5.05
CHEMBL326660,O=C(CCn1c2c(c(=O)[nH]c1=O)CSCC2)NCC(=O)N1CCN(c2ccccc2)CC1,7.52
CHEMBL131820,COc1ccc(-c2nc3c(C(N)=O)cccc3[nH]2)cc1,7.22
CHEMBL3907010,CC1CN(C(=O)c2cc(Cc3n[nH]c(=O)c4ccccc34)ccc2F)Cc2nnc(C(F)(F)F)n21,9.13
CHEMBL5398128,Cc1cc(N(C)c2ccc3c(C)n(C)nc3c2)nc(Nc2ccc(-c3nc4c(C(N)=O)cccc4[nH]3)cc2)n1,7.07
CHEMBL501290,COc1cc(/C=C/C(=O)Nc2nc(-c3ccccc3)cs2)cc(OC)c1,5.34
CHEMBL381208,CCNC(=O)c1cccc(Cc2n[nH]c(=O)c3ccccc23)c1,7.3
CHEMBL479861,Cc1sc(-c2ccccc2)nc1C(=O)Nc1cccc(Cc2n[nH]c(=O)c3ccccc23)c1,7.57
CHEMBL196507,O=C(Nc1cccc(Cc2n[nH]c(=O)c3ccccc23)c1)C1CC1,7.26
CHEMBL66761,O=c1[nH]nc(Cc2ccccc2)c2ccccc12,6.11
CHEMBL589834,O=C(c1cc(Cc2c[nH]c(=O)c3cc(Cl)c(Cl)n23)ccc1F)N1CCC(N2CCC2)CC1,9
CHEMBL604040,O=C(c1cc(Cc2c[nH]c(=O)c3cc(Cl)c(Cl)n23)ccc1F)N1CCN(c2ccccn2)CC1,8.55
CHEMBL592543,CC(C)C(=O)N1CCN(C(=O)c2cc(Cc3c[nH]c(=O)c4cc(Cl)c(Cl)n34)ccc2F)CC1,8.68
CHEMBL590058,O=C(c1cc(Cc2c[nH]c(=O)c3cc(Cl)c(Cl)n23)ccc1F)N1CCCCC1,6.7
CHEMBL604291,O=C(c1cc(Cc2c[nH]c(=O)c3cc(Cl)cn23)ccc1F)N1CCCNCC1,9
CHEMBL521686,O=C(c1cc(Cc2n[nH]c(=O)c3ccccc23)ccc1F)N1CCN(C(=O)C2CC2)CC1,8.3
CHEMBL1086580,Oc1nc(-c2ccc(C(F)(F)F)cc2)nc2c1CSCC2,8.66
CHEMBL1358885,C[N+]1(C)CCc2cc(O)c(O)cc2[C@H]1Cc1ccc(O)c(O)c1,5.8
CHEMBL1813887,O=C(O)c1ccccc1C(=O)Nc1ccc(Oc2ccc3ccccc3c2)c(Cl)c1,4.18
CHEMBL267373,NC(=O)c1ccccc1,5.27
CHEMBL3736506,O=C(c1cc(Cc2n[nH]c(=O)c3ccccc23)ccc1F)N1CCN(S(=O)(=O)c2ccc(I)cc2)CC1,7.65
CHEMBL479541,NC(=O)c1cc(F)cc(F)c1OCc1ccc(F)c(C(=O)N2CCNCC2)c1,5.82
CHEMBL471102,NC(=O)c1cc(F)c(F)cc1OCc1ccc(F)c(C(=O)N2CCNCC2)c1,6.62
CHEMBL519778,CN(Cc1ccccc1)Cc1nc2cccc3c2n1CCNC3=O,7.06
CHEMBL480452,CCOc1ccc(-c2csc(/N=C/c3c[nH]c4ccccc34)n2)c(OCC)c1,6.62
CHEMBL482012,O=C(Nc1nc(-c2ccccc2)cs1)c1ccncc1,6.12
CHEMBL82940,O=S(=O)(CCN1CCC(N2CCCC2)CC1)N1CCc2nc(O)c3ccccc3c2C1,6.45
CHEMBL3291313,CC(C)N1CCN(C(=O)c2cc3[nH]c(=O)c4ccccc4c3n2C)CC1,6.08
CHEMBL3291319,CN1CCCN(C(=O)c2cc3[nH]c(=O)c4ccccc4c3n2C)CC1,6.7
CHEMBL3291328,CN1CCCN(C(=O)c2cc3c(n2C)-c2ccccc2C(=O)NC3)CC1,5
CHEMBL3291331,CCN1CCN(C(=O)c2sc3c([nH]c(=O)c4ccccc43)c2C)CC1,7.1
CHEMBL3291333,Cc1c(C(=O)N2CCC(N(C)C)CC2)sc2c1[nH]c(=O)c1ccccc12,7.54
CHEMBL3291335,Cc1c(C(=O)NCCN2CCOCC2)sc2c1[nH]c(=O)c1ccccc12,7.08
CHEMBL1091454,CCCCCN1CCC(Oc2ccc3[nH]c(=O)c4c(c3c2)CCSC4)CC1,7.35
CHEMBL1092144,O=c1[nH]c2ccc(OC3CCN(CCO)CC3)cc2c2c1CSCC2,7.54
CHEMBL521686,O=C(c1cc(Cc2n[nH]c(=O)c3ccccc23)ccc1F)N1CCN(C(=O)C2CC2)CC1,6.86
CHEMBL1171468,NC(=O)c1cccc(C2CO2)c1,6
CHEMBL1171304,O=c1[nH]c(NCCN2CCN(c3n[nH]c4ccccc34)CC2)nc2ccccc12,8
CHEMBL1949848,Nc1ccc2nc[nH]c(=O)c2c1,4.6
CHEMBL471101,NC(=O)c1cc(F)ccc1OCc1ccc(F)c(C(=O)N2CCNCC2)c1,7.54
CHEMBL1094951,NC(=O)c1cccc2cn(Cc3ccccc3)nc12,6.89
CHEMBL4069447,Cc1cccc2c(=O)[nH]c(CCC(=O)Nc3ccc(C(=O)Nc4cccc5cccnc45)cc3)nc12,5.19
CHEMBL4059827,O=C1SCCc2nc(-c3ccc(C(F)(F)F)cc3)[nH]c(=O)c21,6.07
CHEMBL596518,Cc1cccn2c1nc1c3ccccc3c(=O)[nH]c12,5.48
CHEMBL599596,O=C(c1cc(Cc2c[nH]c(=O)c3cc(Cl)c(Cl)n23)ccc1F)N1CCOCC1,7.23
CHEMBL495322,CC(=O)N1CCN(C(=O)c2cc(Cc3n[nH]c(=O)c4ccccc34)ccc2F)CC1,8.22
CHEMBL3105878,CN(C)c1ccc(-c2ccc3ccn(C(N)=O)c3n2)cc1,6.06
CHEMBL3105891,CN1CCN(c2ccc3ccn(C(N)=O)c3n2)CC1,6.11
CHEMBL3105876,NC(=O)n1ccc2ccc(-c3ccccc3)nc21,6.57
CHEMBL3105409,CC(=O)c1ccc(NC(=O)CCn2c(=O)[nH]c(=O)c3ccccc32)cc1,7.06
CHEMBL506871,C[C@]1(c2nc3c(C(N)=O)cccc3[nH]2)CCCN1,8.96
CHEMBL4530032,CCCN1CCC(c2nc3c(C(N)=O)c(F)ccc3[nH]2)CC1,7.53
CHEMBL3113569,C#CCOc1ccc(-c2nc3cccc4c3n2CCNC4=O)cc1,7.73
CHEMBL372303,CN(C)CC(=O)Nc1ccc2[nH]c(=O)c3ccccc3c2c1,7.7
CHEMBL3930624,O=C(c1cc(Cc2n[nH]c(=O)c3ccccc23)ccc1F)N1CCn2nc(C(F)(F)F)nc2C1,8.84
CHEMBL521686,O=C(c1cc(Cc2n[nH]c(=O)c3ccccc23)ccc1F)N1CCN(C(=O)C2CC2)CC1,8.85
CHEMBL5631466,CC(C)c1nnc2n1C(C)CN(C(=O)c1cc(Cc3n[nH]c(=O)c4ccccc34)ccc1F)C2,8.39
CHEMBL5631531,CC1CN(C(=O)c2cc(Cc3n[nH]c(=O)c4ccccc34)ccc2F)Cc2nnc(-c3ncc[nH]3)n21,8.49
CHEMBL5633663,CC1CN(C(=O)c2cc(Cc3n[nH]c(=O)c4ccccc34)ccc2F)Cc2nnc(-c3nccn3C)n21,8.11
CHEMBL5631710,COc1cccc(-c2nnc3n2C(C)CN(C(=O)c2cc(Cc4n[nH]c(=O)c5ccccc45)ccc2F)C3)n1,9.22
CHEMBL253786,O=c1cc(-c2cccc(O)c2)oc2cc(O)ccc12,5.02
CHEMBL3752492,COc1ccc(C(=O)Nc2ccc(C(=O)N(c3ccncn3)c3ccccc3Cl)cc2)cc1,4.11
CHEMBL5095043,C[C@@H](COCCC(=O)N1CCN(c2ncc(C(F)(F)F)cn2)CC1)Nc1cn[nH]c(=O)c1C(F)(F)F,7.54
CHEMBL5404678,Cc1c2ccc(N(C)c3ccnc(Nc4ccc(-c5nc6c(C(N)=O)cccc6[nH]5)c(Cl)c4)n3)cc2nn1C,6.85
CHEMBL2431867,CC(C)c1ccc(-c2cc(=O)c3ccccc3o2)cc1,4.72
CHEMBL16861,Cc1ccc(-c2cc(=O)c3ccccc3o2)cc1,5.15
CHEMBL1093610,CN1CCC(Oc2ccc3[nH]c(=O)c4c(c3c2)CCSC4)C1,7.1
CHEMBL5559084,COc1cc(-c2nc3c(C(N)=O)cccc3[nH]2)cc(Br)c1OS(=O)(=O)c1ccccc1C,8.07
CHEMBL5575120,CC(C)C[C@H](NC(=O)[C@H](Cc1ccccc1)NC(=O)c1cc(Cc2n[nH]c(=O)c3ccccc23)ccc1F)B(O)O,6.54
CHEMBL5562332,Cn1cc(-c2ccc(=O)n(CCOc3ccnc4cc(N5CCN(C(=O)c6cc(Cc7n[nH]c(=O)c8ccccc78)ccc6F)CC5)ccc34)n2)cn1,9.92
CHEMBL5550003,CC1CN(c2ccc3c(OCCn4nc(-c5cnn(C)c5)ccc4=O)ccnc3c2)CCN1C(=O)c1cc(Cc2n[nH]c(=O)c3ccccc23)ccc1F,8.96
CHEMBL494929,O=C(c1cc(Cc2n[nH]c(=O)c3ccccc23)ccc1F)N1CCN(c2ccccc2)CC1,8.3
CHEMBL201616,O=C(c1cccc(Cc2n[nH]c(=O)c3ccccc23)c1)N1CCNCC1,8.7
CHEMBL550557,O=c1[nH]c2cc(-c3cccc(Br)c3)nn2c2ccccc12,6.22
CHEMBL559584,O=C(NCCC1(N2CCOCC2)CCCC1)c1cc2[nH]c(=O)c3ccccc3n2n1,7.05
CHEMBL558632,O=C(c1cc2[nH]c(=O)c3ccccc3n2n1)N1CCCNCC1,7.52
CHEMBL204250,O=C1NC(=O)c2c1c1c(c3[nH]c4ccccc4c23)CCC1,7.44
CHEMBL397773,N=C(N)Nc1nc(-c2ccc3[nH]c4c5c(c6c(c4c3c2)C(=O)NC6=O)CCC5)cs1,7.72
CHEMBL245538,CNc1nc(-c2ccc3[nH]c4c5c(c6c(c4c3c2)C(=O)NC6=O)CCC5)cs1,7.27
CHEMBL246548,O=C1NC(=O)c2c1c1c(c3[nH]c4ccc(-c5csc(CNC(=O)C6CC6)n5)cc4c23)CCC1,7.31
CHEMBL246547,CC(C)CC(=O)NCc1nc(-c2ccc3[nH]c4c5c(c6c(c4c3c2)C(=O)NC6=O)CCC5)cs1,7.25
CHEMBL246592,CCC(=O)NCc1nc(-c2ccc3[nH]c4c5c(c6c(c4c3c2)C(=O)NC6=O)CCC5)cs1,7.25
CHEMBL5723337,O=C(c1cc(Cc2n[nH]c(=O)c3ccccc23)ccc1F)N1CC(CNC2CC2)C1,8.85
CHEMBL598138,Cc1c(Cc2ccc(F)c(C(=O)N3CCN(C(=O)C4(C)CCCO4)CC3)c2)n[nH]c(=O)c1C,8.55
CHEMBL602752,N#Cc1ccc(N2CCN(C(=O)c3cc(Cc4c[nH]c(=O)c5cc(Cl)c(Cl)n45)ccc3F)CC2)nc1,7.85
CHEMBL592459,O=C(c1cc(Cc2c[nH]c(=O)c3cc(Cl)c(Cl)n23)ccc1F)N1CCN(c2ccccc2F)CC1,7.62
CHEMBL590791,CNC(C)(C)C(=O)N1CCN(C(=O)c2cc(Cc3c[nH]c(=O)c4cc(Cl)c(Cl)n34)ccc2F)CC1,8.68
CHEMBL597117,CN(C)CC(=O)N1CCN(C(=O)c2cc(Cc3c[nH]c(=O)c4cc(Cl)c(Cl)n34)ccc2F)CC1,8.6
CHEMBL4867071,CCc1cc2cnc(CN3CCN(c4ccc(C(N)=O)nc4)CC3)cc2[nH]c1=O,8.7
CHEMBL400344,O=c1[nH]c(C2=CC(N3CCN(c4ccc(F)cc4)CC3)CC2)nc2c(Cl)cccc12,7.6
CHEMBL248649,O=c1[nH]c(C2=C[C@@H](N3CCC(c4ccc(F)cc4)CC3)CC2)nc2c(Cl)cccc12,7.46
CHEMBL248648,O=c1[nH]c(C2=C[C@@H](N3CCC(c4ccccc4)CC3)CC2)nc2c(Cl)cccc12,8.06
CHEMBL249220,O=c1[nH]c(N2CCC(N3CC=C(c4ccccc4)CC3)CC2)nc2ccccc12,6.88
CHEMBL2414052,CC(C)Cc1cc2c(N)cccc2c(=O)[nH]1,5.93
CHEMBL2414048,Cc1cc2c(N)cccc2c(=O)[nH]1,6.64
CHEMBL2414045,COc1ccc(-c2cc3c(N)cccc3c(=O)[nH]2)cc1,6.05
CHEMBL5420171,Cc1c2ccc(N(C)c3ccnc(Nc4ccc(-c5nc6cc(F)c(F)cc6[nH]5)c(C(F)(F)F)c4)n3)cc2nn1C,6.17
CHEMBL5205408,NC(=O)c1cccc(NC(=O)CCC(=O)NCCc2cn(CCNS(=O)(=O)c3cccc(C(=O)O)c3)nn2)c1,4.93
CHEMBL3955426,CC#CCOc1ccc(C(=O)C2CCN(CC(=O)N(Cc3nc4c(c(=O)[nH]3)COCC4)CC3CC3)CC2)cc1,4.83
CHEMBL3928915,O=C(CN1CCC(C(=O)c2ccc(OCC3CC3)cc2)CC1)NCc1nc2c(c(=O)[nH]1)COCC2,5.35
CHEMBL3944401,O=C(CN1CCC(C(=O)c2ccc(OCCC3CC3)cc2)CC1)NCc1nc2c(c(=O)[nH]1)COCC2,5.76
CHEMBL3967549,COc1ccc(C(=O)C2CCN(CC(=O)NCc3nc4c(c(=O)[nH]3)COCC4)CC2)cc1C,4.77
CHEMBL3527000,O=c1[nH]nc2c3c(cccc13)Oc1ccc(CN3CCC(O)CC3)cc1-2,7.4
CHEMBL2323539,COc1ccc(N2CCN(C(=O)CNC(=O)CN3CCc4cccc5c4C3CNC5=O)CC2)cc1,6.52
CHEMBL3696941,O=C(O)c1ccc2c3ccccc3c(=O)n(CCCO)c2c1,7.22
CHEMBL3696943,O=c1[nH]c2cc(-c3nnn[nH]3)ccc2c2ccccc12,7.52
CHEMBL604293,Cc1c(Cc2ccc(F)c(C(=O)N3CCC4(CCN4)CC3)c2)n[nH]c(=O)c1C,8.34
CHEMBL599802,CNC(C)(C)C(=O)N1CCN(C(=O)c2cc(Cc3n[nH]c(=O)c(C)c3C)ccc2F)CC1,8.43
CHEMBL605575,Cc1c(Cc2ccc(F)c(C(=O)N3CCN(C(=O)C(C)(C)N(C)C)CC3)c2)n[nH]c(=O)c1C,8.74
CHEMBL597314,Cc1c(Cc2ccc(F)c(C(=O)N3CCN(C(=O)C4(NCC5CC5)CCCC4)CC3)c2)n[nH]c(=O)c1C,8.62
CHEMBL598957,Cc1c(Cc2ccc(F)c(C(=O)N3CCN(C(=O)C4(NCC5CC5)CCC4)CC3)c2)n[nH]c(=O)c1C,8.49
CHEMBL591588,Cc1c(Cc2ccc(F)c(C(=O)N3CCN(C(=O)C4(C)CCCCN4)CC3)c2)n[nH]c(=O)c1C,7.92
CHEMBL592487,Cc1c(Cc2ccc(F)c(C(=O)N3CCN(C(=O)[C@@]4(Cc5ccc(F)cc5)CCCN4)CC3)c2)n[nH]c(=O)c1C,8.38
CHEMBL604547,NC1CCN(C(=O)c2cc(Cc3c[nH]c(=O)c4cc(Cl)c(Cl)n34)ccc2F)CC1,8.15
CHEMBL605284,CCC(=O)N1CCN(C(=O)c2cc(Cc3c[nH]c(=O)c4cc(Cl)c(Cl)n34)ccc2F)CC1,8.49
CHEMBL1652711,O=C(O)c1ccc2c(c1)[nH]c(=O)c1ccsc12,6.16
CHEMBL596366,CNCc1ccc(-n2nc3c(C(N)=O)cccc3c2Cl)cc1,7.7
CHEMBL594369,CN1CCC(C(=O)Nc2ccc(-n3cc4cccc(C(N)=O)c4n3)cc2)CC1,8
CHEMBL593144,CN(C)CCNC(=O)c1ccc(-n2cc3cccc(C(N)=O)c3n2)cc1,8
CHEMBL594999,O=C1NCC2c3c(cccc31)CCN2C(=O)c1cccc(Cl)c1,7.43
CHEMBL592909,CCN(CC)Cc1ccc(C(=O)N2CCc3cccc4c3C2CNC4=O)cc1,7.89
CHEMBL595928,COc1ccc(CC(=O)N2CCc3cccc4c3C2CNC4=O)cc1,8.22
CHEMBL594522,O=C1NCC2c3c(cccc31)CCN2C(=O)Cc1ccc(OCc2ccccc2)cc1,7.8
CHEMBL593201,Cc1c(CC(=O)N2CCc3cccc4c3C2CNC4=O)sc2ccccc12,7.89
CHEMBL610165,O=C1NCC2c3c(cccc31)CCN2C(=O)[C@@H]1CCCN1,8.4
CHEMBL593133,CC(=O)N1CCC[C@H]1C(=O)N1CCc2cccc3c2C1CNC3=O,7.85
CHEMBL593364,O=C1NCC2c3c(cccc31)CCN2C(=O)C1CNC1,9
CHEMBL1767056,O=C(Nc1cccc2c(=O)[nH]ccc12)c1ccc([N+](=O)[O-])cc1,5.52
CHEMBL4175833,CC(C)(C)OC(=O)N1CCC2(CC1)CCN(C(=O)c1cc(Cc3n[nH]c(=O)c4ccccc34)ccc1F)C2,5.96
CHEMBL4173312,O=C(c1cc(Cc2n[nH]c(=O)c3ccccc23)ccc1F)N1CCC2(CCNC2)C1,5.95
CHEMBL4172269,O=C(C1CC1)N1CC2(CCN2C(=O)c2cc(Cc3n[nH]c(=O)c4ccccc34)ccc2F)C1,6.89
CHEMBL4169555,O=C(c1cc(Cc2n[nH]c(=O)c3ccccc23)ccc1F)N1CC2(COC2)C1,7.6
CHEMBL2419889,O=c1[nH]c(-c2ccc(C(F)(F)F)cc2)nc2c1SCCC2,4.98
CHEMBL2431867,CC(C)c1ccc(-c2cc(=O)c3ccccc3o2)cc1,4.72
CHEMBL64780,O=c1cc(-c2ccc([N+](=O)[O-])cc2)oc2ccccc12,5.57
CHEMBL2419697,O=C(CN1CCC(C(=O)c2ccc(F)cc2)CC1)NCc1nc2c(c(=O)[nH]1)COCC2,4.98
CHEMBL5563355,Cc1cc(C)c(CNC(=O)c2cc(-c3ccc(-c4nc5c(C(N)=O)cccc5[nH]4)cc3)cc3c2cnn3C(C)C)c(=O)[nH]1,8.16
CHEMBL506871,C[C@]1(c2nc3c(C(N)=O)cccc3[nH]2)CCCN1,8.84
CHEMBL506871,C[C@]1(c2nc3c(C(N)=O)cccc3[nH]2)CCCN1,8.32
CHEMBL5575118,CC(C)C[C@H](NC(=O)CNC(=O)c1cc(Cc2n[nH]c(=O)c3ccccc23)ccc1F)B(O)O,8.39
CHEMBL5570618,CC(C)C[C@H](NC(=O)[C@H](Cc1c[nH]c2ccccc12)NC(=O)c1cc(Cc2n[nH]c(=O)c3ccccc23)ccc1F)B(O)O,7.01
CHEMBL5570683,CC(C)C[C@H](NC(=O)[C@H](Cc1ccc(O)cc1)NC(=O)c1cc(Cc2n[nH]c(=O)c3ccccc23)ccc1F)B1O[C@@H]2C[C@@H]3C[C@@H](C3(C)C)[C@]2(C)O1,6.94
CHEMBL5542393,Cn1cc(-c2ccc(=O)n(CCOc3ccnc4cc(OC5CCN(C(=O)c6cc(Cc7n[nH]c(=O)c8ccccc78)ccc6F)CC5)ccc34)n2)cn1,8.68
CHEMBL4861603,CCc1cc2cnc(CN3CCN(c4ccc(C(=O)NC)nc4F)CC3)cc2[nH]c1=O,8.7
CHEMBL1949854,O=c1[nH]cnc2c(F)cccc12,4.73
CHEMBL1949855,O=c1[nH]cnc2c(Cl)cccc12,5.25
CHEMBL543393,CC(C)N1CCN(CC(=O)Nc2ccc3nc(O)c4ccccc4c3n2)CC1.Cl,6.56
CHEMBL494721,O=C(c1cc(Cc2n[nH]c(=O)c3ccccc23)ccc1F)N1CCN(C(=O)N2CCOCC2)CC1,8.22
CHEMBL521809,O=C(c1cccc(Cc2n[nH]c(=O)c3ccccc23)c1)N1CCN(c2ncccn2)CC1,8.7
CHEMBL523887,O=C(c1cc(Cc2n[nH]c(=O)c3ccccc23)ccc1F)N1CCCN(CCO)CC1,8.15
CHEMBL3290482,NC(=O)c1cccc2c1O/C(=C\c1ccc(OCCN3CCCCC3)cc1)C2=O,6.26
CHEMBL3931879,O=C(c1cc(Oc2n[nH]c(=O)c3ccccc23)ccc1F)N1CCN(C(=O)C2CCCCC2)CC1,7.77
CHEMBL3092518,CC(NC(=O)CCc1nc2ccccc2c(=O)[nH]1)c1ccc(-n2ccnc2)cc1,6.35
CHEMBL4580842,O=C(c1cc(Cc2n[nH]c(=O)c3ccccc23)ccc1F)N1CCn2cnnc2C1,5.3
CHEMBL493045,O=C(c1cc(Cc2n[nH]c(=O)c3ccccc23)ccc1F)N1CCNCC1,8.3
CHEMBL494874,O=C(c1cc(Cc2n[nH]c(=O)c3ccccc23)ccc1F)N1CCCN(C(=O)N2CCOCC2)CC1,8.1
CHEMBL1094636,NC(=O)c1cccc2cn(-c3ccc([C@@H]4CCCNC4)cc3)nc12,7.49
CHEMBL3102884,CN(C)CC(C)(C)CN/C=C1/C(=O)NC(=O)c2ccccc21,7.06
CHEMBL3105405,O=C(CCc1nc2ccccc2c(=O)[nH]1)N1CCN(C(=O)c2ccc(F)cc2)CC1,7.25
CHEMBL5647255,O=C1Nc2ccc(Br)cc2/C1=C1/Nc2ccccc2/C1=N\OCCCC(=O)N1CCN(C(=O)c2cc(Cc3n[nH]c(=O)c4ccccc34)ccc2F)CC1,8.33
CHEMBL521686,O=C(c1cc(Cc2n[nH]c(=O)c3ccccc23)ccc1F)N1CCN(C(=O)C2CC2)CC1,8.3
CHEMBL4437593,O=C(c1cc(Cc2n[nH]c(=O)c3ccccc23)ccc1F)N1CCN(c2nc(-c3cccc4[nH]ccc34)nc(N3CCOCC3)n2)CC1,9.19
CHEMBL4549595,O=C(c1cc(Cc2n[nH]c(=O)c3ccccc23)ccc1F)N1CCN(c2nc(-c3ccc4cn[nH]c4c3)nc(N3CCOCC3)n2)CC1,9.17
CHEMBL4438927,Nc1ccc(-c2nc(N3CCOCC3)nc(N3CCN(C(=O)c4cc(Cc5n[nH]c(=O)c6ccccc56)ccc4F)CC3)n2)cc1,8.93
CHEMBL4551779,Nc1ccc(-c2nc(N3CCOCC3)nc(N3CCN(C(=O)c4cc(Cc5n[nH]c(=O)c6ccccc56)ccc4F)CC3)n2)cn1,8.97
CHEMBL4446789,Nc1ncc(-c2nc(N3CCOCC3)nc(N3CCN(C(=O)c4cc(Cc5n[nH]c(=O)c6ccccc56)ccc4F)CC3)n2)cc1C(F)(F)F,8.95
CHEMBL4465869,Nc1cc(C(F)(F)F)c(-c2cc(N3CCN(C(=O)c4cc(Cc5n[nH]c(=O)c6ccccc56)ccc4F)CC3)nc(N3CCOCC3)n2)cn1,7.81
CHEMBL1767054,O=C(Nc1cccc2c(=O)[nH]ccc12)c1ccccc1,4.86
CHEMBL1767050,O=C(Nc1cccc2c(=O)[nH]ccc12)c1ccc(F)cc1,4.75
CHEMBL1767051,O=C(Nc1cccc2c(=O)[nH]ccc12)c1ccc(Cl)cc1,4.95
CHEMBL1767055,Cc1ccccc1C(=O)Nc1cccc2c(=O)[nH]ccc12,4.5
CHEMBL3735916,Cc1ccc(C(=O)N2CCN(C(=O)c3cc(Cc4n[nH]c(=O)c5ccccc45)ccc3F)CC2)cc1I,7.77
CHEMBL151549,Cc1nc(O)c2cccc(C)c2n1,6.31
CHEMBL105925,O=C(CCn1c2c(c(=O)[nH]c1=O)CCCC2)NCC(=O)c1ccccc1,6.35
CHEMBL125244,Cc1cccc2c(O)nc(-c3ccc(O)cc3)nc12,5.92
CHEMBL541203,Cc1cccc2c(O)nc(-c3ccc(N)cc3)nc12,6.3
CHEMBL339695,Oc1nccc2ccccc12,5.16
CHEMBL419245,NC(=O)c1cccc(Cl)c1,4.66
CHEMBL1373905,O=[N+]([O-])c1ccc2ncnc(O)c2c1,4.6
CHEMBL1949863,Cc1nc2cccc(C)c2c(=O)[nH]1,5.28
CHEMBL1949866,Cc1nc2c(N)cccc2c(=O)[nH]1,6.4
CHEMBL372303,CN(C)CC(=O)Nc1ccc2[nH]c(=O)c3ccccc3c2c1,6.96
CHEMBL4170785,COc1ccc2nc3ccccc3c(Nc3cccc(-c4nc5c(C(N)=O)cccc5[nH]4)c3)c2c1,5.94
CHEMBL4164344,COc1cccc2c(Nc3ccc(-c4nc5c(C(N)=O)cccc5[nH]4)cc3)c3ccccc3nc12,6.72
CHEMBL4172239,COc1ccc2nc3ccccc3c(Nc3ccc(-c4nc5c(C(N)=O)cccc5[nH]4)cc3)c2c1,6.6
CHEMBL4161687,CCN1CCN(C(=O)c2cc(Cc3n[nH]c(=O)c4ccccc34)cc(F)c2F)CC1,8.85
CHEMBL4173148,O=C(c1cc(Cc2n[nH]c(=O)c3ccccc23)cc(F)c1F)N1CCN(C2CCCCC2)CC1,8.46
CHEMBL4174093,N#Cc1cccnc1N1CCN(C(=O)c2cc(Cc3n[nH]c(=O)c4ccccc34)cc(F)c2F)CC1,8.89
CHEMBL4169021,O=C(c1cc(Cc2n[nH]c(=O)c3ccccc23)cc(F)c1F)N1CCN(c2ncc(Br)cn2)CC1,6.76
CHEMBL4166896,O=C(c1cc(Cc2n[nH]c(=O)c3ccccc23)ccc1F)N1CCC2(CCCCC2)CC1,7.24
CHEMBL4170937,CC(C)(C)OC(=O)N1CC2(CCN(C(=O)c3cc(Cc4n[nH]c(=O)c5ccccc45)ccc3F)C2)C1,5.92
CHEMBL4160981,O=C(c1cc(Cc2n[nH]c(=O)c3ccccc23)ccc1F)N1CCC12CCNCC2,6.96
CHEMBL4173393,O=C(c1cc(Cc2n[nH]c(=O)c3ccccc23)ccc1F)N1CC2(C1)CN(C(=O)C1CC1)C2,7.9
CHEMBL521686,O=C(c1cc(Cc2n[nH]c(=O)c3ccccc23)ccc1F)N1CCN(C(=O)C2CC2)CC1,8.22
CHEMBL521686,O=C(c1cc(Cc2n[nH]c(=O)c3ccccc23)ccc1F)N1CCN(C(=O)C2CC2)CC1,8.68
CHEMBL3593804,CC(=O)Nc1ccccc1COc1ccc(-c2ccc(-c3nc4c(C(=O)O)cc(C)cc4[nH]3)cc2)cc1,4.97
CHEMBL3735363,COc1ccc(C(=O)N2CCN(C(=O)c3cc(Cc4n[nH]c(=O)c5ccccc45)ccc3F)CC2)cc1I,7.75
CHEMBL4533690,O=C(NC1CCN(CC2CC2)C1)c1cc(Cn2c(=O)[nH]c(=O)c3ccccc32)ccc1F,7.88
CHEMBL3105885,NC(=O)n1ccc2ccc(-c3ccc(CN4CCOCC4)cc3)nc21,5.68
CHEMBL3105889,CN(C)Cc1ccc(-c2ccc3ccn(C(N)=O)c3n2)cc1,6.2
CHEMBL3105888,NC(=O)n1ccc2ccc(-c3ccc(CN4CCCC4)cc3)nc21,6.55
CHEMBL3105407,O=C(CCc1nc2ccccc2c(=O)[nH]1)N1CCN(C(=O)C2CCCNC2)CC1,7.5
CHEMBL3105406,C=CCOC(=O)N1CCCC(C(=O)N2CCN(C(=O)CCc3nc4ccccc4c(=O)[nH]3)CC2)C1,6.52
CHEMBL3907010,CC1CN(C(=O)c2cc(Cc3n[nH]c(=O)c4ccccc34)ccc2F)Cc2nnc(C(F)(F)F)n21,9.13
CHEMBL6038643,O=C(c1cccc(Cc2n[nH]c(=O)c3ccccc23)c1)N1CCN(c2ccc3[nH]nnc3n2)CC1,8.3
CHEMBL5957405,O=C(c1cc(Cc2n[nH]c(=O)c3ccccc23)ccc1C(F)(F)F)N1CCN(c2ccc3[nH]nnc3n2)CC1,8.15
CHEMBL492470,O=C(c1cccc(Cc2n[nH]c(=O)c3ccccc23)c1)N1CCN(C(=O)N2CCOCC2)CC1,8.1
CHEMBL523686,O=C(c1cc(Cc2n[nH]c(=O)c3ccccc23)ccc1F)N1CCN(c2ncccn2)CC1,8.52
CHEMBL4276836,CN1CCc2cc(-c3nc4c(C(N)=O)cccc4[nH]3)sc2C1,7.26
CHEMBL107616,O=C(CCn1c2c(c(=O)[nH]c1=O)CSCC2)NCC(=O)c1cccc(-c2ccccc2)c1,7.16
CHEMBL4170845,CC(=O)N1CCN(C(=O)c2cc(Cc3n[nH]c(=O)c4ccccc34)cc(F)c2F)CC1,8.15
CHEMBL4170803,O=C(c1cc(Cc2n[nH]c(=O)c3ccccc23)cc(F)c1F)N1CCN(c2ccc(Cl)cc2)CC1,6.99
CHEMBL4160677,N#Cc1ccc(N2CCN(C(=O)c3cc(Cc4n[nH]c(=O)c5ccccc45)cc(F)c3F)CC2)cc1,8.27
CHEMBL4171279,O=C(c1cc(Cc2n[nH]c(=O)c3ccccc23)cc(F)c1F)N1CCN(c2ccc([N+](=O)[O-])cc2)CC1,9.4
CHEMBL4163384,N#Cc1cccc(N2CCN(C(=O)c3cc(Cc4n[nH]c(=O)c5ccccc45)cc(F)c3F)CC2)n1,8.29
CHEMBL3763164,CC(C)c1ccc(C2c3n[nH]c(=O)c4cccc(c34)NC2c2ccc(CN(C)C)cc2)cc1,8.02
CHEMBL3763661,CN(C)Cc1ccc(C2Nc3cccc4c(=O)[nH]nc(c34)C2c2ccc(C(F)(F)F)cc2)cc1,8.2
CHEMBL3763844,O=c1[nH]nc2c3c(cccc13)NC(c1ccc(CN3CCCC3)cc1)C2c1ccccc1,8.4
CHEMBL3765357,Cn1ccnc1C1Nc2cccc3c(=O)[nH]nc(c23)C1c1ccccc1,8.03
CHEMBL3765434,Cn1ccnc1C1c2n[nH]c(=O)c3cccc(c23)NC1c1ccc(F)cc1,8.68
CHEMBL3317897,O=C(c1csc(Cc2n[nH]c(=O)c3ccccc23)c1)N1CCN(C(=O)C2CC2)CC1,6.98
CHEMBL3317916,O=C(c1ccncc1)N1CCN(C(=O)c2csc(Cc3n[nH]c(=O)c4ccccc34)c2)CC1,6.97
CHEMBL3317909,O=C(c1ccc(Br)cc1)N1CCN(C(=O)c2csc(Cc3n[nH]c(=O)c4ccccc34)c2)CC1,7.14
CHEMBL81977,NC(=O)c1cccc(N)c1,5.05
CHEMBL481403,CCOC(=O)c1ccc(CCc2nc3cccc4c3n2CCNC4=O)cc1,7.01
CHEMBL521686,O=C(c1cc(Cc2n[nH]c(=O)c3ccccc23)ccc1F)N1CCN(C(=O)C2CC2)CC1,8.3
CHEMBL5419831,CC(C)(C)CN1CCN(C(=O)c2cc(Cn3c(=O)[nH]c(=O)c4ccccc43)ccc2F)CC1=O,8.46
CHEMBL5434732,CC(C)C(C)N1CCN(C(=O)c2cc(Cn3c(=O)[nH]c(=O)c4ccccc43)ccc2F)CC1=O,8.05
CHEMBL5400153,CC(C)=CCN1CCN(C(=O)c2cc(Cn3c(=O)[nH]c(=O)c4ccccc43)ccc2F)CC1=O,8.01
CHEMBL5416806,O=C(c1cc(Cn2c(=O)[nH]c(=O)c3ccccc32)ccc1F)N1CCN(C2CCCCC2)C(=O)C1,8.54
CHEMBL521686,O=C(c1cc(Cc2n[nH]c(=O)c3ccccc23)ccc1F)N1CCN(C(=O)C2CC2)CC1,5.44
CHEMBL5571183,CCOC(=O)c1ccc(NC(=O)CS/C(=C\C(=O)c2sc(Nc3ccccn3)nc2C)c2ccccc2F)cc1,5.64
CHEMBL364364,Oc1ccc(C2=CCN(CCCc3nc(O)c4ccccc4n3)CC2)cc1,7.92
CHEMBL359579,COc1cccc2c(O)nc(CCCN3CC=C(c4ccccc4)CC3)nc12,7.58
CHEMBL2322618,O=C1NCC2c3c(cccc31)CCN2C(=O)c1cc(Cc2n[nH]c(=O)c3ccccc23)ccc1F,9.51
CHEMBL5632742,CC1CN(C(=O)c2cc(Cc3n[nH]c(=O)c4ccccc34)ccc2F)Cc2nncn21,8.03
CHEMBL5633084,CC1CN(C(=O)c2cc(Cc3n[nH]c(=O)c4ccccc34)ccc2F)Cc2nnc(CN(C)C)n21,7.75
CHEMBL5632703,CC1CN(C(=O)c2cc(Cc3n[nH]c(=O)c4ccccc34)ccc2F)Cc2nnc(C(O)CO)n21,7.68
CHEMBL5632074,CC1CN(C(=O)c2cc(Cc3n[nH]c(=O)c4ccccc34)ccc2F)Cc2nnc(-c3cncs3)n21,8.24
CHEMBL187834,O=[N+]([O-])c1ccc2c(c1)Cc1c-2nc(O)c2ccccc12,6.52
CHEMBL3932754,COc1ccc(C(=O)C2CCN(CC(=O)NCc3nc4c(c(=O)[nH]3)CCC4)CC2)cc1,4.75
CHEMBL3605967,COCCCN1Cc2cccc(C(N)=O)c2C1=O,5.28
CHEMBL4529965,NC(=O)c1cccc2c1O/C(=C\c1ccc(C(=O)NCCc3nc4c(C(N)=O)cccc4[nH]3)cc1)C2=O,8.41
CHEMBL4437358,NC(=O)c1cccc2c1O/C(=C\c1ccc(C(=O)N3CC(c4nc5ccccc5[nH]4)C3)cc1)C2=O,7.52
CHEMBL4437358,NC(=O)c1cccc2c1O/C(=C\c1ccc(C(=O)N3CC(c4nc5ccccc5[nH]4)C3)cc1)C2=O,7.54
CHEMBL4475182,COC(=O)c1cccc2nc(CCNC(=O)c3ccc(/C=C4\Oc5c(C(N)=O)cccc5C4=O)cc3)[nH]c12,7.01
CHEMBL4518901,COc1cc(-c2nn[nH]n2)ccc1/C=C1\Oc2c(C(N)=O)cccc2C1=O,7.33
CHEMBL506871,C[C@]1(c2nc3c(C(N)=O)cccc3[nH]2)CCCN1,8.82
CHEMBL4437403,NC(=O)c1cccc2c1O/C(=C\c1cccc(C(=O)N3CCN(c4ncccn4)CC3)c1)C2=O,7.24
CHEMBL4519178,NC(=O)c1cccc2c1O/C(=C\c1ccc(C(=O)N3CCn4c(nnc4C(F)(F)F)C3)cc1)C2=O,7.52
CHEMBL4435102,CC(C)c1nnc2n1CCN(C(=O)c1ccc(/C=C3\Oc4c(C(N)=O)cccc4C3=O)cc1)C2,7.38
CHEMBL4450242,NC(=O)c1cccc2c1O/C(=C\c1ccc(C(=O)NCCc3nc4cc(F)ccc4[nH]3)cc1)C2=O,7.29
CHEMBL3113567,NC(=O)c1cccc2[nH]c(-c3ccc(OCc4cn(CCF)nn4)cc3)nc12,7.52
CHEMBL558796,CC(C)N1CCN(CC(=O)Nc2cnc3c(c2)nc(O)c2ccccc23)CC1.Cl,7.07
CHEMBL3098940,Cc1ccc(-c2nc3c(C)cccc3c(=O)[nH]2)cc1,6.16
CHEMBL2322612,Cc1c(Cc2ccc(F)c(C(=O)N3CCc4cccc5c4C3CNC5=O)c2)n[nH]c(=O)c1C,7.44
CHEMBL2323532,O=C(NC1CC(=O)c2ccccc21)c1cc(Cc2n[nH]c(=O)c3ccccc23)ccc1F,4.08
CHEMBL2323531,NC1CC2c3c(cccc31)CCN2C(=O)c1cc(Cc2n[nH]c(=O)c3ccccc23)ccc1F,4.12
CHEMBL2323226,O=C1CC2c3c(cccc31)CCN2C(=O)c1cc(Cc2n[nH]c(=O)c3ccccc23)ccc1F,5.46
CHEMBL2322618,O=C1NCC2c3c(cccc31)CCN2C(=O)c1cc(Cc2n[nH]c(=O)c3ccccc23)ccc1F,9.51
CHEMBL2323536,O=C1NCC2c3c(cccc31)CCN2CC(=O)N1CCC2CNCC21,5.03
CHEMBL382430,CN1Cc2c(c3c(c4c2c2ccccc2n4C)CCC3)C1=O,5
CHEMBL204542,NCc1ccc2[nH]c3c4c(c5c(c3c2c1)CNC5=O)CCC4,7.57
CHEMBL320031,O=c1[nH]c2cccnc2c2ccccc12,6.94
CHEMBL267373,NC(=O)c1ccccc1,4.66
CHEMBL298053,O=C([O-])c1ccc2c(c1)nc(O)c1cc(F)ccc12.[Na+],7.68
CHEMBL45245,O=c1[nH]c2ccccc2c2ccccc12,6.28
CHEMBL2414042,Nc1cccc2c(=O)[nH]c(-c3ccc(C(F)(F)F)cc3)cc12,6.48
CHEMBL3092523,COC(=O)[C@H](Cc1ccccc1)NC(=O)CCc1nc2ccccc2c(=O)[nH]1,5.6
CHEMBL3092540,O=C(CCc1nc2ccccc2c(=O)[nH]1)N[C@@H]1CCc2ccccc21,6.11
CHEMBL3290467,NC(=O)c1cccc2c1OCC2=O,4.79
CHEMBL3290468,NC(=O)c1cccc2c1O/C(=C\c1ccccc1)C2=O,4.92
CHEMBL3290469,NC(=O)c1cccc2c1O/C(=C\c1cccc(Oc3ccccc3)c1)C2=O,5.33
CHEMBL3290456,C[C@@H]1Cc2cccc(C(N)=O)c2O1,5.2
CHEMBL3290451,NC(=O)c1cccc2c1OCC2,5.03
CHEMBL3290475,NC(=O)c1cccc2c1O/C(=C\c1ccc(O)cc1)C2=O,6.09
CHEMBL4874038,Cc1c(CN2CCN(C(=O)c3cc4cccc(C(N)=O)c4o3)CC2)sc2c(N3CCOCC3)nc(-c3ccc4cn[nH]c4c3)nc12,7.04
CHEMBL4848869,Nc1ncc(-c2nc(N3CCOCC3)c3sc(CN4CCN(C(=O)c5cc(Cc6n[nH]c(=O)c7ccccc67)ccc5F)CC4)cc3n2)cn1,8.06
CHEMBL325336,O=C(CCn1c2c(c(=O)[nH]c1=O)CCCCC2)NCC(=O)N1CCN(c2ncccn2)CC1,6.05
CHEMBL521686,O=C(c1cc(Cc2n[nH]c(=O)c3ccccc23)ccc1F)N1CCN(C(=O)C2CC2)CC1,8.71
CHEMBL5559117,Cn1cc(-c2ccc(=O)n(CCOc3ccnc4cc(N5CCC(NC(=O)c6cc(Cc7n[nH]c(=O)c8ccccc78)ccc6F)CC5)ccc34)n2)cn1,7.38
CHEMBL5572956,Cc1ccoc1C(=O)N1CCN(C(=O)c2ccc(-c3nc4c(C(N)=O)cccc4[nH]3)cc2)C(C)C1,7.79
CHEMBL4286249,CC(C)(C)[C@@H]1NCCC2C=C(c3nc4c(C(=O)O)cc(F)cc4[nH]3)SC21,7.82
CHEMBL4281789,O=C1NCCn2c(-c3cc4c(s3)CNCC4)nc3cc(F)cc1c32,7.6
CHEMBL4293056,CNCc1ccc(-c2nc3c(C(N)=O)cc(F)cc3[nH]2)s1,7.38
CHEMBL4288572,NC(=O)c1cc(F)cc2[nH]c(-c3cc4c(o3)CNCC4)nc12,6.61
CHEMBL590327,CN(C)C1CCN(C(=O)c2cc(Cc3c[nH]c(=O)c4cc(Cl)c(Cl)n34)ccc2F)CC1,8.59
CHEMBL610164,Cc1cc2c(=O)[nH]cc(Cc3ccc(F)c(C(=O)N4CCCNCC4)c3)n2c1,8.8
CHEMBL3291312,CN1CCN(C(=O)c2cc3[nH]c(=O)c4ccccc4c3n2C)CC1,6.92
CHEMBL3291314,Cn1c(C(=O)N2CCN(Cc3ccccc3)CC2)cc2[nH]c(=O)c3ccccc3c21,6.07
CHEMBL3291326,CN(C)C1CCN(C(=O)c2cc3c(n2C)-c2ccccc2C(=O)NC3)CC1,5.19
CHEMBL521686,O=C(c1cc(Cc2n[nH]c(=O)c3ccccc23)ccc1F)N1CCN(C(=O)C2CC2)CC1,8.22
CHEMBL3983341,O=c1[nH]nc2c3c(cccc13)NC1=C2c2ccccc2CC1,7.26
CHEMBL3978225,O=c1[nH]nc2c3c(cccc13)NC1=C2CCNC1,8.12
CHEMBL543157,CN(C)CC(=O)Nc1ccc2nc(O)c3ccccc3c2n1.Cl,7.01
CHEMBL2347907,CN1CCC(c2nc3c(C(N)=O)cncc3[nH]2)CC1,5.84
CHEMBL2347906,CCCN1CCC(c2nc3c(C(N)=O)cncc3[nH]2)CC1,6.28
CHEMBL47508,O=C(NCCN1CCOCC1)c1ccc2c(c1)nc(O)c1cc(F)ccc12,7.85
CHEMBL3644770,O=C1CN(Cc2ccc3c(c2)-c2n[nH]c(=O)c4cccc(c24)O3)CCN1,7.7
CHEMBL3644781,O=c1[nH]nc2c3c(cccc13)Oc1ccc(CNC3CCC(O)CC3)cc1-2,7.52
CHEMBL3951799,O=C(c1cc(Cc2n[nH]c(=O)c3ccccc23)ccc1F)N1CCn2c(nnc2C(F)(F)F)C1,7.82
CHEMBL3925199,COC(=O)c1nc(C(F)(F)F)n2c1CN(C(=O)c1cc(Cc3n[nH]c(=O)c4ccccc34)ccc1F)CC2,7.28
CHEMBL3649762,CCOC(=O)CCN(C)Cc1ccc2c3c(c(=O)[nH]c2c1)CCCN3,6.32
CHEMBL3649767,N#CCNCc1ccc2c3c(c(=O)[nH]c2c1)CCCN3,5.99
CHEMBL3649749,O=c1[nH]c2cc(CN3CCCC3)ccc2c2c1CCCN2,6.12
CHEMBL3649775,COc1cc(CN(C)C)cc2[nH]c(=O)c3c(c12)NCCC3,7.1
CHEMBL3649792,COc1cc(CNC2CCCC2)cc2[nH]c(=O)c3c(c12)NCCC3,6.57
CHEMBL3649793,COc1cc(CN2CC(C)OC(C)C2)cc2[nH]c(=O)c3c(c12)NCCC3,6.11
CHEMBL3649813,NCc1ccc2c3c(c(=O)[nH]c2c1)CCCN3,6.77
CHEMBL3649764,CC(C)N(C)Cc1ccc2c3c(c(=O)[nH]c2c1)CCCN3,6.72
CHEMBL2407983,CNC(=O)c1ccc(N2CCN(Cc3cc(C)c4c(c3)NC(=O)C(C)O4)CC2)c(C)c1,7.42
CHEMBL2407975,CCNC(=O)c1ccc(N2CCN(Cc3cc(C)c4c(c3)NC(=O)C(C)O4)CC2)cc1,8.22
CHEMBL2407971,CNC(=O)c1ccc(N2CCN(Cc3ccc4c(c3)NC(=O)C(C)O4)CC2)cc1,7.54
CHEMBL5201879,C[C@H]1CCC[C@]2(C)CC3OC(=O)C(CNCCC(=O)N4CCN(C(=O)c5cc(Cc6n[nH]c(=O)c7ccccc67)ccc5F)CC4)C3C=C12,7.81
CHEMBL5185640,C[C@]12CCC=C(CO)C1=CC1C(C2)OC(=O)C1CNCCOCCOCC(=O)N1CCN(C(=O)c2cc(Cc3n[nH]c(=O)c4ccccc34)ccc2F)CC1,8.23
CHEMBL1094313,NC(=O)c1cccn2nc(-c3ccccc3)nc12,6.57
CHEMBL594298,NC(=O)c1cccc2cn(-c3ccccc3)nc12,7.62
CHEMBL3290477,NC(=O)c1cccc2c1O/C(=C\c1ccc(O)cc1O)C2=O,6.12
CHEMBL3290486,NC(=O)c1cccc2c1O/C(=C\c1ccc(OCC(=O)N3CCOCC3)cc1)C2=O,6.65
CHEMBL3290487,NC(=O)c1cccc2c1O/C(=C\c1ccc(OCC3CO3)cc1)C2=O,5.92
CHEMBL3606010,NC(=O)c1cccc2c1C(=O)N(C1CCN(Cc3ccsc3)CC1)C2,6
CHEMBL3764995,Cn1cnnc1C1c2n[nH]c(=O)c3cccc(c23)NC1c1ccccc1,8.56
CHEMBL3644568,O=c1[nH]nc2c3c(cccc13)N=C(CNCCc1cccc(F)c1)N2,7.5
CHEMBL3644570,O=c1[nH]nc2c3c(cccc13)N=C(CN1CCC3(CC1)OCCO3)N2,7.7
CHEMBL63354,O=c1cc(-c2ccc(O)c(-c3c(O)cc(O)c4c(=O)cc(-c5ccc(O)cc5)oc34)c2)oc2cc(O)cc(O)c12,6.73
CHEMBL4869388,O=C(C1CCC1)N1CCN(Cc2c(O)cc(O)c3c(=O)cc(-c4ccc(O)cc4)oc23)CC1,7.34
CHEMBL4460350,CCNCc1ccc(-c2nc3cncc4c3n2CCNC4=O)cc1,7.96
CHEMBL4570886,CN1CCN(c2ccc(-c3nc4cncc5c4n3CCNC5=O)cc2)CC1,6.86
CHEMBL4515565,O=C1NCCn2c(C3CCN(Cc4ccccc4)CC3)nc3cncc1c32,6.99
CHEMBL594651,O=c1[nH]c2c(nc3cc(S(=O)(=O)NCCCN4CCOCC4)ccn32)c2ccccc12,7.44
CHEMBL608111,Cc1ccn2c(n1)nc1c3ccccc3c(=O)[nH]c12,6.25
CHEMBL3092522,NC(=O)[C@H](Cc1ccccc1)NC(=O)CCc1nc2ccccc2c(=O)[nH]1,6.16
CHEMBL3961412,COc1ccc(C(=O)C2CCN(CC(=O)N(Cc3nc4c(c(=O)[nH]3)CCCC4)CC3CC3)CC2)cc1,4.79
CHEMBL3966085,O=C(CN1CCC(C(=O)c2ccc(F)cc2)CC1)NCc1nc2c(c(=O)[nH]1)CCCC2,5.57
CHEMBL4106657,CN(C)C1(C(=O)N2CCN(C(=O)c3cc(Oc4n[nH]c(=O)c5ccccc45)ccc3F)CC2)CCC1,8.15
CHEMBL3394711,COc1cc2c(c(OC)c1)C1CCC(=O)N1CC2,5.86
CHEMBL5829600,CN1CCCc2c1nc(N1CCN(Cc3ncccc3O)CC1)[nH]c2=O,5.52
CHEMBL5765094,CC(c1ncccn1)N1CCN(c2nc3c(c(=O)[nH]2)CCCN3C)CC1,5.23
CHEMBL5765094,CC(c1ncccn1)N1CCN(c2nc3c(c(=O)[nH]2)CCCN3C)CC1,5.26
CHEMBL5812280,CCC(c1ncccn1)N1CCN(c2nc3c(c(=O)[nH]2)CCCN3C)CC1,4.87
CHEMBL6047871,CN1CCCc2c1nc(N1CCN(Cc3ncccc3C#N)CC1)[nH]c2=O,5.55
CHEMBL3644600,O=c1[nH]nc2c3c(cccc13)N=C(CN1CCN(S(=O)(=O)c3ccccc3)CC1)N2,7.64
CHEMBL3644606,CC(C)c1ccc(S(=O)(=O)N2CCCN(CC3=Nc4cccc5c(=O)[nH]nc(c45)N3)CC2)cc1,7.72
CHEMBL3105398,O=C(CCc1nc2ccccc2c(=O)[nH]1)N1CCN(C(=O)c2ccco2)CC1,7.54
CHEMBL3577624,O=C1CCN(c2ccccc2C(=O)NCCc2nc(-c3ccccn3)no2)C(=O)N1,6.59
CHEMBL3577625,O=C1CCN(c2ccccc2C(=O)NCc2ccc(-n3cccn3)cc2)C(=O)N1,6.66
CHEMBL3291311,Cn1c(C(=O)N2CCNCC2)cc2[nH]c(=O)c3ccccc3c21,7.36
CHEMBL5775203,Cc1cc(F)cnc1N1CCN(Cc2ccc3c4c(c(=O)[nH]c3c2)CCCN4)CC1,8.18
CHEMBL5992718,CCNC(=O)c1csc(N2CCN(Cc3ccc4c5c(c(=O)[nH]c4c3)CCCN5)CC2)n1,7.49
CHEMBL6046336,N#Cc1cnc(N2CCN(Cc3cc(F)c4c5c(c(=O)[nH]c4c3)CCCN5)CC2)s1,8.3
CHEMBL1094636,NC(=O)c1cccc2cn(-c3ccc([C@@H]4CCCNC4)cc3)nc12,8.33
CHEMBL1094636,NC(=O)c1cccc2cn(-c3ccc([C@@H]4CCCNC4)cc3)nc12,6.88
CHEMBL5555264,O=C(c1cc(Cc2n[nH]c(=O)c3ccccc23)ccc1F)N1CCN(c2ccc3c(OCCn4nc(N5CCOCC5)ccc4=O)ccnc3c2)CC1,8.15
CHEMBL506871,C[C@]1(c2nc3c(C(N)=O)cccc3[nH]2)CCCN1,8.32
CHEMBL3764052,CN(C)Cc1ccc(C2Nc3cccc4c(=O)[nH]nc(c34)C2c2ccccc2)cc1,8.63
CHEMBL3765275,CN(C)Cc1cccc(C2c3n[nH]c(=O)c4cccc(c34)NC2c2ccccc2)c1,8.44
CHEMBL3764085,Cn1ccnc1C1c2n[nH]c(=O)c3cc(F)cc(c23)NC1c1ccc(F)cc1,8.73
CHEMBL3765125,Cn1ncnc1C1c2n[nH]c(=O)c3cccc(c23)NC1c1ccccc1,8.62
CHEMBL3765472,Cn1ncnc1C1c2n[nH]c(=O)c3cc(F)cc(c23)NC1c1ccc(C#N)cc1,8.41
CHEMBL5561399,C[C@@H](COCCC(=O)N1CCN(c2ncc(OCc3ccc(/C=C/C(=O)NO)cc3)cn2)CC1)Nc1cn[nH]c(=O)c1C(F)(F)F,7.08
CHEMBL3915929,CC1CC2=NNC(=O)c3cccc4[nH]c(c2c34)C1,8.12
CHEMBL4107982,C[C@]12CCCN1CC1=NNC(=O)c3cccc4[nH]c2c1c34,8.96
CHEMBL4068890,CC(C)(C)OC(=O)N1CC[C@H](C(=O)Nc2cc(Cn3c(=O)[nH]c(=O)c4ccccc43)cnc2Cl)C1,6.63
CHEMBL81977,NC(=O)c1cccc(N)c1,4.96
CHEMBL1949841,O=c1[nH]cnc2cccc(Cl)c12,5.5
CHEMBL1949847,Cc1ccc2nc[nH]c(=O)c2c1,4.6
CHEMBL3105875,NC(=O)n1ccc2cccnc21,5.6
CHEMBL3421821,Cc1ccc(C2=Nc3cccc4c(=O)[nH]nc(c34)N2)cc1,6.82
CHEMBL3605983,NC(=O)c1cccc2c1C(=O)N(CCN1CCc3ccccc3C1)C2,5.65
CHEMBL5173750,C[C@]12CCC=C(CO)C1=CC1C(C2)OC(=O)C1CN1CCN(C(=O)c2cc(Cc3n[nH]c(=O)c4ccccc34)ccc2F)CC1,7.02
CHEMBL4060793,NC(=O)c1cccc2[nH]c(C(=O)N3CCC(NC4CCNCC4)C3)nc12,7.22
CHEMBL4548930,CC(C)(O)c1ccc(-c2nc3cccc(F)c3c(=O)[nH]2)cc1,6.08
CHEMBL4457607,CC(C)(O)c1ccc(-c2nc3cccc(Cl)c3c(=O)[nH]2)cc1,5.37
CHEMBL2407974,CNC(=O)c1ccc(N2CCN(Cc3cc(C)c4c(c3)NC(=O)C(C)O4)CC2)cc1,7.77
CHEMBL3113566,C#CCOc1ccc(-c2nc3c(C(N)=O)cccc3[nH]2)cc1,7.59
CHEMBL3735519,O=C(COc1ccc(I)cc1)N1CCN(C(=O)c2cc(Cc3n[nH]c(=O)c4ccccc34)ccc2F)CC1,8.52
CHEMBL3735979,O=C(c1ccc(I)cc1)N1CCN(C(=O)c2cc(Cc3n[nH]c(=O)c4ccccc34)ccc2F)CC1,8.48
CHEMBL4204684,COc1ccccc1/C=C/c1nnc(-c2cccc3c(=O)c4ccccc4c(=O)[nH]c23)o1,6.87
CHEMBL4294222,CC1Cc2cc(-c3nc4c(C(N)=O)cc(F)cc4[nH]3)sc2CN1,7.8
CHEMBL4161414,O=C(c1cc(Cc2n[nH]c(=O)c3ccccc23)cc(F)c1F)N1CCN(c2ccccc2)CC1,9.3
CHEMBL4175790,O=C(c1cc(Cc2n[nH]c(=O)c3ccccc23)cc(F)c1F)N1CCN(c2cccc(C(F)(F)F)c2)CC1,9.1
CHEMBL4167934,O=C(c1cc(Cc2n[nH]c(=O)c3ccccc23)cc(F)c1F)N1CCN(c2cccc(Cl)c2)CC1,8.38
CHEMBL4164499,Cc1ccc(Cl)cc1N1CCN(C(=O)c2cc(Cc3n[nH]c(=O)c4ccccc34)cc(F)c2F)CC1,6.49
CHEMBL4159834,O=C(c1cc(Cc2n[nH]c(=O)c3ccccc23)cc(F)c1F)N1CCN(c2nccs2)CC1,9.7
CHEMBL5571005,O=C1NCC(c2ccc(-c3ccc(C(F)(F)F)cc3)cc2)Nc2ccccc21,7.52
CHEMBL1098296,NC(=O)c1cccc2cn(-c3ccc4c(c3)CCNC4)nc12,8.85
CHEMBL4799284,COc1cc(/C=N/NC(N)=S)c(Br)c(Br)c1OC,7.37
CHEMBL5575086,O=C(Cn1c(=S)n(-c2ccccc2)c(=O)c2ccccc21)Nc1ccc2c(c1)C(=O)c1ccccc1C2,6.77
CHEMBL3663638,NC(=O)c1cccc2[nH]n(C3CCN(C4CCCCC4)CC3)c(=O)c12,6.64
CHEMBL3663641,Cn1c2cccc(C(N)=O)c2c(=O)n1C1CCN(C2CCC(F)(F)CC2)CC1,7
CHEMBL5178741,CCc1cc2ncc(CN3CCC(Nc4ccc(C(=O)NC)nc4)C3)cc2[nH]c1=O,9.03
CHEMBL5195834,CCc1cc2ncc(CN3CC[C@H](Nc4ccc(C(=O)NC)nc4)C3)cc2[nH]c1=O,7.48
CHEMBL521686,O=C(c1cc(Cc2n[nH]c(=O)c3ccccc23)ccc1F)N1CCN(C(=O)C2CC2)CC1,9.14
CHEMBL5190645,CCc1cc2ncc(CN3CCN(c4cnc5cn[nH]c5c4)CC3)cc2[nH]c1=O,6.64
CHEMBL3644606,CC(C)c1ccc(S(=O)(=O)N2CCCN(CC3=Nc4cccc5c(=O)[nH]nc(c45)N3)CC2)cc1,7.64
CHEMBL3644615,O=c1[nH]nc2c3c(cccc13)N=C(CNS(=O)(=O)c1ccccc1)N2,7.64
CHEMBL5421957,O=C(c1cc(Cc2n[nH]c(=O)c3ccccc23)ccc1F)N1CCn2c(nnc2-c2ccno2)C1,9.01
CHEMBL5436989,Cn1cc(-c2nnc3n2CCN(C(=O)c2cc(Cc4n[nH]c(=O)c5ccccc45)ccc2F)C3)cn1,8.13
CHEMBL5436743,O=C(c1cc(Cc2n[nH]c(=O)c3ccccc23)ccc1F)N1CCn2c(nnc2-c2ccc(C(F)F)o2)C1,7.64
CHEMBL4101084,O=C(Nc1cc(Cn2c(=O)[nH]c(=O)c3ccccc32)cnc1Cl)[C@H]1CCNC1.O=C(O)C(F)(F)F,6.76
CHEMBL4083291,O=C(Nc1cc(Cn2c(=O)[nH]c(=O)c3ccccc32)cnc1F)[C@H]1CCN(CCC(F)(F)F)C1,8.51
CHEMBL4095389,O=C(Nc1cc(Cn2c(=O)[nH]c(=O)c3ccccc32)cnc1F)[C@H]1CCN(C2CCC(F)(F)CC2)C1,7.09
CHEMBL4082728,O=C(Nc1cc(Cn2c(=O)[nH]c(=O)c3ccccc32)cnc1F)[C@H]1CCN(Cc2ccncc2)C1,7.21
CHEMBL3606008,NC(=O)c1cccc2c1C(=O)N(C1CCN(Cc3ccccn3)CC1)C2,6.43
CHEMBL3606024,NC(=O)c1cc(F)cc2c1C(=O)N(C1CCN(C3CCC(Cl)(Cl)CC3)CC1)C2,7.05
CHEMBL4088384,O=C(NCCN1CCC(Cc2ccccc2)CC1)c1cc2[nH]c(=O)c3ccccc3c2s1,6.65
CHEMBL2414051,CCc1cc2c(N)cccc2c(=O)[nH]1,6.31
CHEMBL5417871,Cc1c2ccc(N(C)c3ccnc(Nc4ccc(-c5nc6c(C(N)=O)cccc6[nH]5)cc4)n3)cc2nn1C,7.02
CHEMBL5429533,Cc1cc(Nc2nccc(N(C)c3ccc4c(C)n(C)nc4c3)n2)cnc1-c1nc2c(C(N)=O)cccc2[nH]1,6.82
CHEMBL5396037,CN(c1ccnc(Nc2ccc(-c3nc4cc(F)c(F)cc4[nH]3)cc2)n1)c1cc(C(C)(C)C)n(C)n1,6.09
CHEMBL5437947,CCCCCN1CCN(C(=O)c2cc(Cn3c(=O)[nH]c(=O)c4ccccc43)ccc2F)CC1=O,8.57
CHEMBL5960475,O=C(CCCc1nc2ccccc2c(=O)[nH]1)N1CCC(c2nnc(-c3cnccn3)o2)CC1,5.07
CHEMBL5859768,O=C(CCCc1nc2ccccc2c(=O)[nH]1)N1CCC(c2nnc(-c3cccnc3)o2)CC1,5.15
CHEMBL5808037,O=C(CCCc1nc2ccccc2c(=O)[nH]1)N1CCC(c2nnc(-c3ccccc3Cl)o2)CC1,5.29
CHEMBL121765,Cc1nc2c(C(N)=O)cccc2[nH]1,6
CHEMBL123978,COc1cccc(C(N)=O)c1,4.77
CHEMBL3930624,O=C(c1cc(Cc2n[nH]c(=O)c3ccccc23)ccc1F)N1CCn2nc(C(F)(F)F)nc2C1,8.84
CHEMBL250850,Cc1cccc2c(=O)[nH]c(C3=CC(N4CCC(c5ccc(Cl)cc5)CC4)CC3)nc12,7.34
CHEMBL5425729,O=C(c1cc(Cc2n[nH]c(=O)c3ccccc23)ccc1F)N1CCn2c(nnc2-c2ccc(CN3CCCCC3)o2)C1,9.77
CHEMBL5429957,O=C(c1cc(Cc2n[nH]c(=O)c3ccccc23)ccc1F)N1CCn2c(nnc2-c2ccc(CN3CCOCC3)o2)C1,8.89
CHEMBL250851,Cc1cccc2c(=O)[nH]c(C3=CC(N4CCN(c5ccc(Cl)cc5)CC4)CC3)nc12,7.92
CHEMBL3644587,O=c1[nH]nc2c3c(cccc13)N=C(CN1Cc3ccccc3C1)N2,9
CHEMBL108316,O=C(CCn1c2c(c(=O)[nH]c1=O)CSCC2)NCC(=O)N1CCN(c2ncncn2)CC1,7.3
CHEMBL84192,O=C(CN1CCCCC1)N1CCc2nc(O)c3ccccc3c2C1,7.23
CHEMBL3644592,O=c1[nH]nc2c3c(cccc13)N=C(CN1CCC(c3c[nH]c4ccccc34)CC1)N2,7.89
CHEMBL203597,CN(Cc1ccncc1)C(=O)c1ccc2[nH]c3c4c(c5c(c3c2c1)CNC5=O)CCC4,7.19
CHEMBL204440,CN(C)CCNC(=O)c1ccc2[nH]c3c4c(c5c(c3c2c1)CNC5=O)CCC4,6.78
CHEMBL3577624,O=C1CCN(c2ccccc2C(=O)NCCc2nc(-c3ccccn3)no2)C(=O)N1,6.58
CHEMBL5428376,Cc1ccc(-c2nnc3n2CCN(C(=O)c2cc(Cc4n[nH]c(=O)c5ccccc45)ccc2F)C3)o1,9.62
CHEMBL5433982,CNCC(F)(F)c1ccc(-c2nnc3n2CCN(C(=O)c2cc(Cc4n[nH]c(=O)c5ccccc45)ccc2F)C3)o1,8.09
CHEMBL108849,Oc1nc2ccccc2c2ccncc12,5.58
CHEMBL338790,Nc1ccc2c3c(cccc13)C(=O)NC2=O,6.75
CHEMBL521686,O=C(c1cc(Cc2n[nH]c(=O)c3ccccc23)ccc1F)N1CCN(C(=O)C2CC2)CC1,8.45
CHEMBL4075511,O=C(Cc1ccc(CN2CCN(C(=O)c3cc(Cc4n[nH]c(=O)c5ccccc45)ccc3F)CC2)cc1)NO,7.69
CHEMBL4067999,O=C(Nc1cc(Cn2c(=O)[nH]c(=O)c3ccccc32)cnc1F)[C@H]1CCN(CCC2CC2)C1,8.85
CHEMBL5267057,O=c1[nH]c(/C=C/c2cccc(F)c2)nc2ccccc12,6.32
CHEMBL5279475,Nc1cc(-c2ccc([N+](=O)[O-])cc2)nc2c1C(c1cccs1)c1c([nH]c(=O)[nH]c1=O)O2,4.8
CHEMBL5411446,CC1=C(NN)SC(NNS(=O)(=O)c2ccc3[nH]c(=O)c(=O)[nH]c3c2)N1C(=O)c1ccccc1,8.64
CHEMBL563402,COc1ccc(-c2cc3[nH]c(=O)c4ccccc4n3n2)cc1OC,6.7
CHEMBL539986,CC(C)Cc1cc2[nH]c(=O)c3ccccc3n2n1,6.4
CHEMBL557913,CN(C)CCN(C)C(=O)c1ccc(-c2cc3[nH]c(=O)c4ccccc4n3n2)cc1,5.89
CHEMBL5404845,Cc1cc2ncc([C@@H](C)N3CCN(c4ccc(C#N)cn4)CC3)cc2[nH]c1=O,8.6
CHEMBL3593986,CC(=O)Nc1ccc(-c2ccc(-c3nc4c(C(N)=O)cccc4[nH]3)cc2)cc1,4.8
CHEMBL3593987,NC(=O)c1cccc2[nH]c(-c3ccc(-c4ccc(C(=O)N5CCCC5)cc4)cc3)nc12,6.51
CHEMBL5956145,CN1CCCc2c1nc(N1CCN(Cc3ccccc3F)CC1)[nH]c2=O,5.06
CHEMBL3943929,CC1c2nnc(C(F)(F)F)n2CCN1C(=O)c1cc(Cc2n[nH]c(=O)c3ccccc23)ccc1F,7.45
CHEMBL3960883,COC1CN(C(=O)c2cc(Cc3n[nH]c(=O)c4ccccc34)ccc2F)Cc2nnc(C(F)(F)F)n21,7.08
CHEMBL3903910,CC1CN(C(=O)c2cc(Cc3n[nH]c(=O)c4ccccc34)ccc2F)Cc2nnc(C(F)F)n21,7.61
CHEMBL5925546,CN1CCCc2c1nc(N1CCN(Cc3ncc(F)cc3F)CC1)[nH]c2=O,5.45
CHEMBL204825,O=C(c1cccc(Cc2nnc(O)c3ccccc23)c1)N1CCOCC1,7.4
CHEMBL381208,CCNC(=O)c1cccc(Cc2n[nH]c(=O)c3ccccc23)c1,7.3
CHEMBL372989,COc1cc2c(cc1OC)CN(C(=O)C1CCN(C(=O)c3cccc(Cc4nnc(O)c5ccccc45)c3)CC1)CC2,7.8
CHEMBL4112930,C[C@]12CCCN1CC1=NNC(=O)c3cc(F)cc4[nH]c2c1c34,8.89
CHEMBL3290471,COc1cc(/C=C2\Oc3c(C(N)=O)cccc3C2=O)ccc1O,5.44
CHEMBL250490,O=c1[nH]c(CCCN2CCC(c3ccc(F)cc3)CC2)nc2c(Cl)cccc12,7.33
CHEMBL251029,O=c1[nH]c(CCCN2CC=C(c3ccccc3)CC2)nc2c(Cl)cccc12,7.58
CHEMBL250023,O=c1[nH]c([C@H]2CC[C@H](N3CC=C(c4ccccc4)CC3)CC2)nc2ccccc12,5.08
CHEMBL246185,O=c1[nH]c(C2CCC(N3CCC(c4ccccc4)CC3)C2)nc2ccccc12,6.26
CHEMBL246185,O=c1[nH]c(C2CCC(N3CCC(c4ccccc4)CC3)C2)nc2ccccc12,6.36
CHEMBL400343,O=c1[nH]c(C2=CC(N3CCN(c4ccc(Cl)cc4)CC3)CC2)nc2ccccc12,7.6
CHEMBL3291317,CC(C)S(=O)(=O)N1CCN(C(=O)c2cc3[nH]c(=O)c4ccccc4c3n2C)CC1,6.22
CHEMBL3291332,Cc1c(C(=O)N2CCN(C(C)C)CC2)sc2c1[nH]c(=O)c1ccccc12,7.07
CHEMBL3291336,Cc1c(C(=O)NCCN2CCCC2)sc2c1[nH]c(=O)c1ccccc12,6.61
CHEMBL3291327,Cn1c(C(=O)N2CC=C(c3ccc(F)cc3)CC2)cc2c1-c1ccccc1C(=O)NC2,5.78
CHEMBL3905859,NCCOc1c(-c2ccc(N3CCCC3)cc2)[nH]c(=O)c2cc(F)ccc12,6.68
CHEMBL3937292,NCCOc1c(-c2ccc3c(c2)OCO3)[nH]c(=O)c2cc(F)ccc12,7.1
CHEMBL3910271,COc1ccc(-c2[nH]c(=O)c3cc(F)ccc3c2OCCN)cc1F,8.22
CHEMBL3959475,NCCOc1c(-c2ccc(N3CCOCC3)c(Br)c2)[nH]c(=O)c2cc(F)ccc12,7.7
CHEMBL5788752,Cc1ccccc1CN1CCN(c2nc3c(c(=O)[nH]2)CCCN3C)CC1,4.76
CHEMBL5860514,CN1CCCc2c1nc(N1CCN(Cc3ccccc3C#N)CC1)[nH]c2=O,5.61
CHEMBL5959462,O=C(c1cc(Cc2n[nH]c(=O)c3ccccc23)ccc1F)N1CCN(c2ccc3[nH]cnc3n2)CC1,9
CHEMBL381208,CCNC(=O)c1cccc(Cc2n[nH]c(=O)c3ccccc23)c1,7.3
CHEMBL196559,O=C1CCCN1c1cccc(Cc2n[nH]c(=O)c3ccccc23)c1,6.92
CHEMBL371205,COc1ccc(Cc2n[nH]c(=O)c3ccccc23)cc1N1C(=O)CCC1=O,7.48
CHEMBL560528,O=C1NCCc2c1ccc1[nH]cc(CCNC(=O)N3CCCNC(F)(F)C3)c21,6.41
CHEMBL2414049,CCCCCc1cc2c(N)cccc2c(=O)[nH]1,6.5
CHEMBL84096,O=C(CCN1CCCCC1)N1CCc2[nH]c(=O)c3cc(F)ccc3c2C1,7.6
CHEMBL5969754,CN1CCCc2c1nc(N1CCN(Cc3cnccn3)CC1)[nH]c2=O,5.58
CHEMBL5861762,CN1CCCc2c1nc(N1CCN(Cc3ccccn3)CC1)[nH]c2=O,5.27
CHEMBL245359,CC(C)(C)C(=O)OCc1nc(-c2ccc3[nH]c4c5c(c6c(c4c3c2)C(=O)NC6=O)CCC5)cs1,7.22
CHEMBL246128,CC(C)C(=O)NCc1nc(-c2ccc3[nH]c4c5c(c6c(c4c3c2)C(=O)NC6=O)CCC5)cs1,7.5
CHEMBL246396,CC(=O)NCc1nc(-c2ccc3[nH]c4c5c(c6c(c4c3c2)C(=O)NC6=O)CCC5)cs1,7.7
CHEMBL3952782,NCCOc1c(-c2ccc(Br)cc2)[nH]c(=O)c2cc(F)ccc12,8
CHEMBL3937804,NCCOc1c(-c2cccc(Br)c2)[nH]c(=O)c2cc(F)ccc12,7
CHEMBL3933136,Cc1cc(-c2[nH]c(=O)c3cc(F)ccc3c2OCCN)ccc1Cl,9.7
CHEMBL3237591,O=C(c1cc(Cc2n[nH]c(=O)c3ccccc23)ccc1F)N1CCN(/[N+]([O-])=N/Oc2ccc([N+](=O)[O-])cc2[N+](=O)[O-])CC1,7.24
CHEMBL6052029,O=C(CCSc1nc2ccc(F)cc2c(=O)[nH]1)N[C@H]1CC[C@H](c2nnc(-c3ccccc3)o2)CC1,5.45
CHEMBL5957994,O=C(CCCc1nc2ccccc2c(=O)[nH]1)N1CCC(n2c(=O)[nH]c3cc(Cl)ccc32)CC1,6.05
CHEMBL4085694,NC(=O)c1cccc(NC(=O)/C=C\C(=O)N2CCCC(c3ccccc3)C2)c1,5.8
CHEMBL4104503,NC(=O)c1cccc(NC(=O)/C=C\C(=O)N2CCC(Cc3ccccc3)CC2)c1,6.64
CHEMBL4068366,NC(=O)c1cccc(NC(=O)/C=C\C(=O)N2CCN(c3ccc(Cl)cc3)CC2)c1,6.66
CHEMBL4089522,NC(=O)c1cccc(NC(=O)/C=C\C(=O)N2CCN(c3ccc(F)cc3)CC2)c1,6.25
CHEMBL426116,CCN1CCCN(C(=O)c2cc(Cc3nnc(O)c4ccccc34)ccc2F)CC1,8.15
CHEMBL202758,CN1CCCN(C(=O)c2cc(Cc3nnc(O)c4ccccc34)ccc2F)CC1,8.05
CHEMBL380648,O=C(c1cc(Cc2n[nH]c(=O)c3ccccc23)ccc1F)N1CCCNCC1,8.15
CHEMBL204862,COc1ccc(NC(=O)N2CCCN(C(=O)c3cccc(Cc4nnc(O)c5ccccc45)c3)CC2)cc1,8.1
CHEMBL432406,O=C(Cn1c2c(c(=O)[nH]c1=O)CSCC2)NCC(=O)N1CCN(c2ncccn2)CC1,6.82
CHEMBL5428908,[2H]C([2H])(c1cnc2cc(C)c(=O)[nH]c2c1)N1CCN(c2ccc(C#N)cn2)CC1,8.5
CHEMBL82342,Oc1nc2ccncc2c2ccccc12,6.89
CHEMBL4092324,CC(C)(C)OC(=O)N1CC[C@H](C(=O)Nc2cc(Cn3c(=O)[nH]c(=O)c4ccccc43)cnc2F)C1,7.4
CHEMBL83432,O=S(=O)(CCN1CCC(N2CCCC2)CC1)N1CCc2c(nc(O)c3ccccc23)C1,6.46
CHEMBL4104503,NC(=O)c1cccc(NC(=O)/C=C\C(=O)N2CCC(Cc3ccccc3)CC2)c1,6.63
CHEMBL4087082,NC(=O)c1cccc(NC(=O)/C=C\C(=O)N2CCN(c3ccccc3)CC2)c1,6.44
CHEMBL3649780,COc1cc(CN2CCCC2)cc2[nH]c(=O)c3c(c12)NCCC3,7.3
CHEMBL2407981,CCNC(=O)c1ccc(N2CCN(Cc3cc(C)c4c(c3)NC(=O)C(C)O4)CC2)c(Cl)c1,7.05
CHEMBL2407977,CNC(=O)c1ccc(N2CCN(Cc3cc4c(c(OC)c3)OC(C)C(=O)N4)CC2)cc1,7.54
CHEMBL2407973,CCNC(=O)c1ccc(N2CCN(Cc3ccc4c(c3)NC(=O)C(C)O4)CC2)c(Cl)c1,7.75
CHEMBL359767,Oc1nc(CCCN2CC=C(c3ccc(C(F)(F)F)cc3)CC2)nc2ccccc12,7.6
CHEMBL204643,Cn1c2ccccc2c2c3c(c4c(c21)CCC4)C(=O)NC3,6.1
CHEMBL381977,COC(=O)c1ccc2[nH]c3c4c(c5c(c3c2c1)CNC5=O)CCC4,7.23
CHEMBL4202988,Cc1cc(-c2nnc(-c3ccccc3)o2)c2[nH]c(=O)c3ccccc3c(=O)c2c1,6.56
CHEMBL4205296,COc1ccc(F)cc1/C=C/c1nnc(-c2cc(C)cc3c(=O)c4ccccc4c(=O)[nH]c23)o1,5.98
CHEMBL4214589,O=c1[nH]c2c(-c3nnc(COc4ccccc4)o3)cccc2c(=O)c2ccccc12,7
CHEMBL1086580,Oc1nc(-c2ccc(C(F)(F)F)cc2)nc2c1CSCC2,6.92
CHEMBL3969175,NCCOc1c(-c2ccc(N3CCCC3)c(Br)c2)[nH]c(=O)c2cc(F)ccc12,6.89
CHEMBL3290484,CN1CCN(CCOc2ccc(/C=C3\Oc4c(C(N)=O)cccc4C3=O)cc2)CC1,6.94
CHEMBL3891329,O=C1NN=C2CCCc3[nH]c4cccc1c4c32,8
CHEMBL5200443,Cc1noc(C)c1-c1ccc2c(c1)C(c1ccccc1)N(CC(=O)N[C@H](C)c1nc3c(C(N)=O)cccc3[nH]1)C(=O)N2,6.95
CHEMBL5189535,Cc1noc(C)c1-c1ccc2c(c1)C(c1ccccc1)N(Cc1nc3c(C(N)=O)cccc3[nH]1)C(=O)N2C,7.31
CHEMBL107260,O=C(CCn1c2c(c(=O)[nH]c1=O)CCCC2)NCC(=O)N1CCN(c2ncccn2)CC1,7.05
CHEMBL5284314,CC(C)(O)c1ccc(-c2cn3c(F)c(F)cc3c(=O)[nH]2)cc1,5.89
CHEMBL6016605,Cn1cc(C(=O)C2CCN(C(=O)CC(C)(C)Cc3nc4ccccc4c(=O)[nH]3)CC2)cn1,4.92
CHEMBL6058768,Cc1cc(F)cc2c(=O)[nH]c(C[C@H](C)CC(=O)N3CCC(C(=O)c4cnn(C)c4)CC3)nc12,7.52
CHEMBL521686,O=C(c1cc(Cc2n[nH]c(=O)c3ccccc23)ccc1F)N1CCN(C(=O)C2CC2)CC1,8.86
CHEMBL1086580,Oc1nc(-c2ccc(C(F)(F)F)cc2)nc2c1CSCC2,7.13
CHEMBL1173055,CNCc1ccc(-c2[nH]c3cc(F)cc4c3c2CCNC4=O)cc1,7.4
CHEMBL6055854,O=c1[nH]c2cc(CN3CCN(c4ccc5[nH]ncc5c4)CC3)ccc2c2c1CCCN2,8.25
CHEMBL4436980,Nc1ccc(-c2nc(N3CCOCC3)nc(N3CCN(C(=O)c4cc(Cc5n[nH]c(=O)c6ccccc56)ccc4F)CC3)n2)c(F)c1,9.14
CHEMBL4470724,Nc1cc(C(F)(F)F)c(-c2nc3c(c(N4CCOCC4)n2)CCN(C(=O)c2cc(Cc4n[nH]c(=O)c5ccccc45)ccc2F)C3)cn1,8.22
CHEMBL4083932,NC(=O)c1cccc2[nH]c(C(=O)NC3CCCN(C4CCNCC4)C3)nc12,6.1
CHEMBL370673,O=[N+]([O-])c1ccc2c(c1)-c1nc(O)c3ccccc3c1C2,6.3
CHEMBL191185,O=C(CCCN1CCOCC1)Nc1ccc2c(c1)Cc1c-2nc(O)c2ccccc12,6.98
CHEMBL189386,Cc1cccc2c(O)nc(CCCN3CC=C(c4ccccc4)CC3)nc12,7.85
CHEMBL365077,COc1ccc(C2=CCN(CCCc3nc(O)c4ccccc4n3)CC2)cc1,8.08
CHEMBL4076155,NC(=O)c1cccc2[nH]c(C(=O)N3CCNCC3)nc12,7.38
CHEMBL4070312,CC[C@H]1CN(C(=O)c2nc3c(C(N)=O)cccc3[nH]2)CCN1,7.72
CHEMBL4063422,NC(=O)c1cccc2[nH]c(C(=O)N3C[C@H]4CCCN[C@H]4C3)nc12,6.94
CHEMBL3955636,CN1CC2=NNC(=O)c3cccc4[nH]c(c2c34)C1,7.8
CHEMBL3957308,CC1(C)CC2=NN(CCO)C(=O)c3cccc4c3c2c(n4CCO)C1,5.72
CHEMBL3984980,CC1(C)CC2=NNC(=O)c3cccc4c3c2c(n4CCN2CCCCC2)C1,8.54
CHEMBL266540,O=c1[nH]cnc2ccccc12,4.8
CHEMBL1173657,O=c1[nH]cc(-c2ccccc2)c2ccccc12,6.05
CHEMBL339695,Oc1nccc2ccccc12,8.05
CHEMBL1170695,Cc1cccc2c(=O)[nH]c(CCN3CCC[C@@H]3CO)cc12,7.54
CHEMBL107601,O=C(CCn1c2c(c(=O)[nH]c1=O)CSCC2)NCC(=O)N1CCN(c2ncccn2)CC1,7.7
CHEMBL521686,O=C(c1cc(Cc2n[nH]c(=O)c3ccccc23)ccc1F)N1CCN(C(=O)C2CC2)CC1,9
CHEMBL591750,COc1cccnc1N1CCN(C(=O)c2cc(Cc3c[nH]c(=O)c4cc(Cl)c(Cl)n34)ccc2F)CC1,7.82
CHEMBL591515,N#Cc1cccnc1N1CCN(C(=O)c2cc(Cc3c[nH]c(=O)c4cc(Cl)c(Cl)n34)ccc2F)CC1,9.15
CHEMBL589575,CN(C)C(=O)N1CCN(C(=O)c2cc(Cc3c[nH]c(=O)c4cc(Cl)c(Cl)n34)ccc2F)CC1,8.14
CHEMBL597339,O=C(c1cc(Cc2c[nH]c(=O)c3cccn23)ccc1F)N1CCCNCC1,8.74
CHEMBL3527002,O=C1CCN(Cc2ccc3c(c2)-c2n[nH]c(=O)c4cccc(c24)O3)CC1,6.92
CHEMBL3649723,COCCOc1ccc2[nH]c(=O)c3c(c2c1)NCCC3,5.82
CHEMBL3649739,CN(C)CCOc1ccc2c3c(c(=O)[nH]c2c1)CCCN3,5.79
CHEMBL3649754,O=c1[nH]c2cc(CN3CCOCC3)ccc2c2c1CCCN2,6.21
CHEMBL3649760,CN1CCN(Cc2ccc3c4c(c(=O)[nH]c3c2)CCCN4)CC1,5.76
CHEMBL3649800,COc1cc(CN(C)N2CCOCC2)cc2[nH]c(=O)c3c(c12)NCCC3,6.05
CHEMBL3649771,CCN(CC)Cc1ccc2c3c(c(=O)[nH]c2c1)CCCN3C,5.92
CHEMBL3649788,COc1cc(CN(C)CCCl)cc2[nH]c(=O)c3c(c12)NCCC3,6.75
CHEMBL3649810,COc1cc(CN)cc2[nH]c(=O)c3c(c12)NCCC3,7.16
CHEMBL4744208,CN1CCc2cc(-c3ccc4c(Cl)cc(C(N)=O)n4n3)sc2C1,6.85
CHEMBL4066329,CC(C)(C)OC(=O)N1CCC(NC(=O)c2nc3c(C(N)=O)cccc3[nH]2)C1,5.74
CHEMBL4077831,NC(=O)c1cccc2[nH]c(C(=O)NC3CCNC3)nc12,6.46
CHEMBL4081066,NC(=O)c1cccc2[nH]c(C(=O)NC3CCN(CC4CC4)CC3)nc12,6.97
CHEMBL4082982,CCC(CC)N1CCC(NC(=O)c2nc3c(C(N)=O)cc(F)cc3[nH]2)CC1,7.52
CHEMBL4096563,CC(C)(C)OC(=O)N1CCC(NC2CCN(C(=O)c3nc4c(C(N)=O)cccc4[nH]3)C2)CC1,5.92
CHEMBL4070612,CC(C)(C)OC(=O)N1CCN(C(=O)c2nc3c(C(N)=O)cccc3[nH]2)CC1,6.82
CHEMBL251027,O=c1[nH]c(CCCN2CC=C(c3ccc(F)cc3)CC2)nc2ccccc12,7.8
CHEMBL425560,CCCC(=O)Nc1cccc(Cc2n[nH]c(=O)c3ccccc23)c1,7.05
CHEMBL45245,O=c1[nH]c2ccccc2c2ccccc12,6.46
CHEMBL84096,O=C(CCN1CCCCC1)N1CCc2[nH]c(=O)c3cc(F)ccc3c2C1,7.6
CHEMBL204809,CCCN1CCCN(C(=O)c2cc(Cc3nnc(O)c4ccccc34)ccc2F)CC1,8.3
CHEMBL203548,O=C(c1cccc(Cc2nnc(O)c3ccccc23)c1)N1CCCN(C2CCCCC2)CC1,8.22
CHEMBL5979661,N#Cc1ccc(N2CCN(Cc3cc(F)c4c5c(c(=O)[nH]c4c3)CCCN5)CC2)s1,8.3
CHEMBL5863556,N#Cc1ccc(N2CCN(Cc3ccc4c5c(c(=O)[nH]c4c3)CCCN5)CC2)s1,7.88
CHEMBL563408,O=C(NCCN1CCOCC1)c1cc2[nH]c(=O)c3ccccc3n2n1,6.85
CHEMBL550382,CN1CCC(CNC(=O)c2cc3[nH]c(=O)c4ccccc4n3n2)C1,7.1
CHEMBL3644566,O=c1[nH]nc2c3c(cccc13)N=C(CN1CC=C(c3ccccc3)CC1)N2,7.92
CHEMBL3644582,O=c1[nH]nc2c3c(cccc13)N=C(CNCCc1ccccc1F)N2,7.55
CHEMBL45245,O=c1[nH]c2ccccc2c2ccccc12,6.52
CHEMBL3394704,COc1ccc(OC)c2c1CCN1C(=O)c3ccccc3C21O,5.89
CHEMBL5180001,CCc1cc2ncc(CN3CC4CN(c5ccc(C(=O)NC)nc5)CC4C3)cc2[nH]c1=O,9.47
CHEMBL3649709,COc1cccc2[nH]c(=O)c3c(c12)NCCC3,6.22
CHEMBL3649717,CN1CCC(Oc2ccc3[nH]c(=O)c4c(c3c2)NCCC4)CC1,5.97
CHEMBL3649720,O=C(NCCN1CCCCC1)c1ccc2[nH]c(=O)c3cccnc3c2c1,5.98
CHEMBL3649731,CCN(CC)CCOc1ccc2[nH]c(=O)c3c(c2c1)NCCC3,6.41
CHEMBL3649743,CC(c1ccc2c3c(c(=O)[nH]c2c1)CCCN3)N(C)C,7.3
CHEMBL3649746,CN(C)Cc1ccc2c3c(c(=O)[nH]c2c1)CCCN3,7.4
CHEMBL3649783,CON=C1CCN(Cc2cc(OC)c3c4c(c(=O)[nH]c3c2)CCCN4)CC1,6.85
CHEMBL3649786,COc1cc(CN(C)CCOC(C)C)cc2[nH]c(=O)c3c(c12)NCCC3,6.5
CHEMBL3649801,CN(C)Cc1cc(O)c2c3c(c(=O)[nH]c2c1)CCCN3,6.12
CHEMBL3649802,CCOc1cc(CN(C)C)cc2[nH]c(=O)c3c(c12)NCCC3,7.22
CHEMBL3649803,CCOc1cc(CN2CCOCC2)cc2[nH]c(=O)c3c(c12)NCCC3,6.25
CHEMBL3653088,CCOc1cc(CN)cc2[nH]c(=O)c3c(c12)NCCC3,7
CHEMBL4209548,O=c1[nH]c2c(-c3nnc(/C=C/c4ccccc4)o3)cccc2c(=O)c2ccccc12,6.4
CHEMBL4280264,NC(=O)c1cc(Cl)cc2[nH]c(-c3cc4c(s3)CNCC4)nc12,7.29
CHEMBL4638701,O=c1[nH]c(SCCN2CCN(CCSc3nc4ccccc4c(=O)[nH]3)CC2)nc2ccccc12,7.05
CHEMBL370207,O=C1NC(CCCN2CC=C(c3ccccc3)CC2)=NC2CCCC12,6.6
CHEMBL198422,CN1CCC2N=C(CCCN3CC=C(c4ccccc4)CC3)NC(=O)C2C1,5.21
CHEMBL194684,Oc1nnc(CCCCCN2CCOCC2)c2ccccc12,6.92
CHEMBL4072243,O=C(Nc1cc(Cn2c(=O)[nH]c(=O)c3ccccc32)cnc1F)[C@H]1CCN(C(=O)C2CC2)C1,7.27
CHEMBL3099815,Br.Cc1cccc2c(=O)[nH]c(-c3ccc(CN)cc3)nc12,6.58
CHEMBL3905040,CC(C)(N)C(=O)N1CC2=NNC(=O)c3cc(F)cc4[nH]c(c2c34)C1,7.92
CHEMBL3701696,CC1c2cccc(C(N)=O)c2C(=O)N1C1CCN(C2CCCCC2)CC1,7.3
CHEMBL4101890,Cc1cc(N2C[C@@H](C)N[C@@H](C)C2)ncc1-c1ccc(-c2nc3c(ccn3C)c(=O)[nH]2)cc1,5.8
CHEMBL204132,CN1CCCN(C(=O)c2cccc(Cc3nnc(O)c4ccccc34)c2)CC1,7.64
CHEMBL203765,CN(Cc1ccccc1)C(=O)C1CCN(C(=O)c2cccc(Cc3nnc(O)c4ccccc34)c2)CC1,8.05
CHEMBL201616,O=C(c1cccc(Cc2n[nH]c(=O)c3ccccc23)c1)N1CCNCC1,7.8
CHEMBL3976589,NCCOc1c(-c2ccc(Cl)cc2)[nH]c(=O)c2cc(F)ccc12,8
CHEMBL3984540,NCCOc1c(-c2ccc(F)cc2)[nH]c(=O)c2cc(F)ccc12,7.22
CHEMBL3905973,NCCOc1c(-c2ccc(Br)cc2)[nH]c(=O)c2c(F)c(F)ccc12,7.7
CHEMBL381652,CC(=O)Nc1cccc(Cc2n[nH]c(=O)c3ccccc23)c1,7.05
CHEMBL196507,O=C(Nc1cccc(Cc2n[nH]c(=O)c3ccccc23)c1)C1CC1,7.26
CHEMBL194535,Oc1nc2cc(CN3CCOCC3)ccc2c2ccccc12,7.64
CHEMBL3911687,CC1(C)CC2=NNC(=O)c3cc(F)cc4[nH]c(c2c34)C1,8.28
CHEMBL3931542,O=C1NN=C2CNCc3[nH]c4cc(F)cc1c4c32,8.07
CHEMBL3983859,O=C1NN=C2CN(C(=O)C3CC3)Cc3[nH]c4cc(F)cc1c4c32,8.64
CHEMBL3978989,CC(C)(C)C(=O)N1CC2=NNC(=O)c3cccc4[nH]c(c2c34)C1,7.96
CHEMBL1098298,NC(=O)c1cccc2cn(-c3ccc(C4CCCNC4)cc3)nc12,8.49
CHEMBL1098297,NC(=O)c1cccc2cn(-c3ccc(C4CCCN4)cc3)nc12,8.51
CHEMBL1094961,CNC(C)(C)c1ccc(-n2cc3cccc(C(N)=O)c3n2)cc1,7.8
CHEMBL1096641,CN(C)Cc1ccc(-n2cc3cccc(C(N)=O)c3n2)cc1,8.43
CHEMBL5891466,N#Cc1ccc(N2CC3CCC(C2)N3Cc2ccc3c4c(c(=O)[nH]c3c2)CCCN4)nc1,8.18
CHEMBL6023648,N#Cc1ccc(N2C[C@@H]3C[C@H]2CN3Cc2ccc3c4c(c(=O)[nH]c3c2)CCCN4)cc1F,8.15
CHEMBL5747100,Cc1cc(CN2CCN(c3ccc(F)cn3)CC2C)cc2[nH]c(=O)c3c(c12)NCCC3,7.5
CHEMBL6065492,C[C@@H]1CN(c2ccc(C#N)cc2F)CCN1Cc1ccc2c3c(c(=O)[nH]c2c1)CCCN3,7.91
CHEMBL127066,Oc1nc(-c2ccccc2)nc2ccccc12,4.68
CHEMBL4536612,CC(C)(OCCO)c1ccc(-c2nc3ccc(F)cc3c(=O)[nH]2)cc1,5.64
CHEMBL4585900,CC(C)(O)c1ccc(-c2nc3ccc(F)cc3c(=O)[nH]2)nc1,5.6
CHEMBL4444673,CN1CCC(c2ccc(-c3nc4c(F)cc(F)cc4c(=O)[nH]3)cc2)CC1.O=C(O)C(F)(F)F,5.43
CHEMBL4437173,CC(C)(O)c1ccc(-c2nc3c(F)cc(F)cc3c(=O)[nH]2)cc1,6.15
CHEMBL3895581,Cn1c2c3c4c(cccc41)C(=O)NN=C3CCC2,4.8
CHEMBL3940569,CC1(C)CC2=NNC(=O)c3cccc4c3c2c(n4CC2CO2)C1,4.57
CHEMBL3917574,CN(C)CCn1c2c3c4c(cc(F)cc41)C(=O)NN=C3CN(C(=O)C1CC1)C2,4.75
CHEMBL6033399,CC1(C)CC2=NNC(=O)c3cc(F)cc4c3c2c(n4CCO)C1,4.64
CHEMBL3895107,O=C(c1cc(Oc2n[nH]c(=O)c3ccccc23)ccc1F)N1CCN(C(=O)C2CCC(F)(F)CC2)CC1,7.89
CHEMBL3589281,CN1CCCc2c1cc(-c1ccccc1)[nH]c2=O,6.02
CHEMBL2407987,CCNC(=O)c1ccc(N2CCN(Cc3cc4c(c(OC)c3)OC(C)C(=O)N4)CC2)c(C)c1,7.5
CHEMBL2407984,CCNC(=O)c1ccc(N2CCN(Cc3cc(C)c4c(c3)NC(=O)C(C)O4)CC2)c(C)c1,7.25
CHEMBL5193674,CCc1cc2ncc(CN3CC4(C3)CN(c3ccc(C(=O)NC)nc3)C4)cc2[nH]c1=O,8.53
CHEMBL5173989,CCc1cc2ncc(CN3CC(Nc4ccc(C(=O)NC)nc4)C3)cc2[nH]c1=O,8.32
CHEMBL4062214,CC(C)(C)OC(=O)N1CCC(NC(=O)c2nc3c(C(N)=O)cccc3[nH]2)CC1,6.19
CHEMBL4081950,CC[C@H]1CN(C(=O)c2nc3c(C(N)=O)cccc3[nH]2)CCN1C(=O)OC(C)(C)C,7
CHEMBL3805393,COc1ccc(C(=O)C2CCN(C(=O)CCCc3cn4cc(F)cc4c(=O)[nH]3)CC2)cn1,5.92
CHEMBL186555,COc1cccc(C2=CCN(CCCc3nc(O)c4ccccc4n3)CC2)c1,6
CHEMBL2407976,Cc1cc(CN2CCN(c3ccc(C(=O)NC4CC4)cc3)CC2)cc2c1OC(C)C(=O)N2,7.48
CHEMBL5746715,O=c1[nH]c2cc(CN3CCN(c4ccc(Cl)cn4)CC3)cc(F)c2c2c1CCCN2,6.8
CHEMBL4065625,O=C1NC(=O)/C(=C/c2cn(Cc3ccc(Cl)cc3Cl)c3ccccc23)S1,5.11
CHEMBL3593806,CC(=O)Nc1ccc(COc2ccc(-c3ccc(-c4nc5c(C(=O)O)cc(C)cc5[nH]4)cc3)cc2)cc1,4.36
CHEMBL1767064,O=C(O)CCc1cccc2c(=O)[nH]ccc12,5.07
CHEMBL45707,Cc1cccc2c(O)nc3cc(C(F)(F)F)c(N)cc3c12,7.36
CHEMBL48391,O=[N+]([O-])c1ccc2nc(O)c3ccccc3c2c1,6.81
CHEMBL4524437,COc1cccc2c(=O)[nH]c(-c3ccc(C(C)(C)O)cc3)nc12,6.2
CHEMBL5181999,NC(=O)c1cccc2cn(-c3ccc(OCCCCCC(=O)NO)cc3)nc12,6.54
CHEMBL5183380,NC(=O)c1cccc2cn(-c3ccc(OCCCCCCC(=O)NO)cc3)nc12,6.89
CHEMBL5177616,NC(=O)c1ccc(COc2ccc(-n3cc4cccc(C(N)=O)c4n3)cc2)cc1,7.16
CHEMBL5183764,NC(=O)c1cccc2[nH]c(-c3ccc(OCCCCCCCC(=O)NO)cc3)nc12,7.32
CHEMBL81977,NC(=O)c1cccc(N)c1,4.52
CHEMBL5280682,Cc1ccc2c(=O)[nH]c(-c3ccc([C@@](C)(O)CCO)cc3)cn12,6.47
CHEMBL521686,O=C(c1cc(Cc2n[nH]c(=O)c3ccccc23)ccc1F)N1CCN(C(=O)C2CC2)CC1,8.4
CHEMBL395092,Cc1nc2ccccc2c(=O)[nH]1,5.25
CHEMBL3941919,O=C(c1ccc(Cl)cc1)C1CCN(C2CCN(Cc3nc4c(c(=O)[nH]3)COCC4)C2=O)CC1,4.78
CHEMBL1096642,NC(=O)c1cccc2cn(-c3ccc(CN4CCCC4)cc3)nc12,8.32
CHEMBL1099295,NC(=O)c1cccc2cn(-c3ccc(Cl)cc3)nc12,7.62
CHEMBL1091710,O=c1[nH]c2ccc(O)cc2c2c1CSCC2,7
CHEMBL4074448,NC(=O)c1cccc(NC(=O)/C=C\C(=O)N2CCC(c3ccc(F)cc3)CC2)c1,6.57
CHEMBL4097232,NC(=O)c1cccc(NC(=O)/C=C\C(=O)N2CCN(c3ccc(-c4ccccc4)cc3)CC2)c1,6.09
CHEMBL4079213,NC(=O)c1cccc(NC(=O)/C=C\C(=O)N2CCN(c3ccccc3F)CC2)c1,6.3
CHEMBL4068366,NC(=O)c1cccc(NC(=O)/C=C\C(=O)N2CCN(c3ccc(Cl)cc3)CC2)c1,6.65
CHEMBL521686,O=C(c1cc(Cc2n[nH]c(=O)c3ccccc23)ccc1F)N1CCN(C(=O)C2CC2)CC1,8
CHEMBL4089840,O=C(COc1cccc2c(=O)[nH]ccc12)c1ccccc1,6.84
CHEMBL521686,O=C(c1cc(Cc2n[nH]c(=O)c3ccccc23)ccc1F)N1CCN(C(=O)C2CC2)CC1,8.85
CHEMBL4101890,Cc1cc(N2C[C@@H](C)N[C@@H](C)C2)ncc1-c1ccc(-c2nc3c(ccn3C)c(=O)[nH]2)cc1,5.79
CHEMBL4080163,Cc1cccc2c(=O)[nH]c(CCC(=O)O)nc12,5.18
CHEMBL4462563,NC(=O)c1cccc2c1O/C(=C\c1ccc(-c3nn[nH]n3)c(F)c1)C2=O,7.28
CHEMBL4583398,NC(=O)c1cccc2c1O/C(=C\c1ccc(C(=O)N3CCC(c4nc5ccccc5[nH]4)CC3)cc1)C2=O,7.24
CHEMBL3969049,O=C1NN=C2CCCc3c2c2c1cccc2n3CCN1CCCCC1,7.99
CHEMBL4084234,O=C(Nc1cncc(Cn2c(=O)[nH]c(=O)c3ccccc32)c1)[C@H]1CCNC1.O=C(O)C(F)(F)F,8
CHEMBL4061458,O=C(Nc1cc(Cn2c(=O)[nH]c(=O)c3ccccc32)cnc1F)[C@H]1CCN(CC2CC2)C1,8.24
CHEMBL4093008,O=C(Nc1cc(Cn2c(=O)[nH]c(=O)c3ccccc32)cnc1F)[C@H]1CCN(Cc2ccccc2)C1,7.88
CHEMBL4100719,O=C(Nc1cc(Cn2c(=O)[nH]c(=O)c3ccccc32)cnc1F)[C@H]1CCN(c2ccccc2)C1,7.03
CHEMBL2407982,Cc1cc(CN2CCN(c3ccc(C(=O)NC4CC4)cc3Cl)CC2)cc2c1OC(C)C(=O)N2,7.12
CHEMBL3422684,Nc1ccc(C2=Nc3cccc4c(=O)[nH]nc(c34)N2)cc1,6.61
CHEMBL3422683,O=c1[nH]nc2c3c(cccc13)N=C(c1ccc3c(c1)OCO3)N2,7.04
CHEMBL1086580,Oc1nc(-c2ccc(C(F)(F)F)cc2)nc2c1CSCC2,5.66
CHEMBL4745626,CCN(CC)Cc1ccc(-c2ccc3c(Cl)cc(C(N)=O)n3n2)cc1,6.36
CHEMBL4760782,CC(C)CC(=O)N1CCN(C(=O)c2ccc(-c3ccc4c(Cl)cc(C(N)=O)n4n3)cc2)CC1,6.3
CHEMBL4740356,CC(C)(C)C1NCCc2cc(-c3cnn4c(C(N)=O)cc(Cl)c4c3)sc21,5.99
CHEMBL4752536,NC(=O)c1cc(Cl)c2ccc(-c3ccc(C(=O)N4CCN(C(=O)C5CC5)CC4)cc3F)nn12,6.66
CHEMBL4758651,NC(=O)c1cc(Cl)c2cc(-c3cc4c(s3)CCNC4)cnn12,8.14
CHEMBL4758514,CC(C)CC1NCCc2sc(-c3cnn4c(C(N)=O)cc(Cl)c4c3)cc21,6.73
CHEMBL1949840,O=c1[nH]cnc2cccc(F)c12,5.15
CHEMBL363307,Cc1nc(O)c2c(Cl)cccc2n1,5.93
CHEMBL4099515,CC(C)c1ccc(Cn2cc(/C=C3\SC(=O)NC3=O)c3ccccc32)cc1,6.13
CHEMBL4072184,O=C1NC(=O)/C(=C/c2cn(Cc3cccc(C(F)(F)F)c3)c3ccccc23)S1,5.51
CHEMBL5993234,CC1C2=C3C(=NNC(=O)c4cccc1c43)CCC2,4.8
CHEMBL266540,O=c1[nH]cnc2ccccc12,5.24
CHEMBL1949846,O=c1[nH]cnc2ccc(O)cc12,4.6
CHEMBL1949858,Nc1cccc2c(=O)[nH]cnc12,6.12
CHEMBL1949862,Cc1nc2cccc(F)c2c(=O)[nH]1,5.71
CHEMBL3901209,NCCOc1c(-c2ccc(Cl)c(Cl)c2)[nH]c(=O)c2cc(F)ccc12,9
CHEMBL6037485,O=c1[nH]c2cc(CN3C[C@@H]4C[C@H]3CN4c3ccc(Cl)nn3)cc(F)c2c2c1CCCN2,7.36
CHEMBL5799419,Cc1cccnc1N1CCN(Cc2cc(F)c3c4c(c(=O)[nH]c3c2)CCCN4)CC1,7.71
CHEMBL3421820,O=c1[nH]nc2c3c(cccc13)N=C(c1ccccc1)N2,6.83
CHEMBL5883696,O=C(CCc1nc2ccccc2c(=O)[nH]1)N[C@H]1CC[C@H](c2nnc(-c3ncccn3)o2)CC1,5.33
CHEMBL5937312,O=C(CCc1nc2ccccc2c(=O)[nH]1)N[C@H]1CC[C@H](c2nnc(-c3cccnc3)o2)CC1,4.97
CHEMBL1086580,Oc1nc(-c2ccc(C(F)(F)F)cc2)nc2c1CSCC2,5.66
CHEMBL506871,C[C@]1(c2nc3c(C(N)=O)cccc3[nH]2)CCCN1,6.45
CHEMBL372303,CN(C)CC(=O)Nc1ccc2[nH]c(=O)c3ccccc3c2c1,7.22
CHEMBL2407980,CNC(=O)c1ccc(N2CCN(Cc3cc(C)c4c(c3)NC(=O)C(C)O4)CC2)c(Cl)c1,7.31
CHEMBL4061445,NC(=O)c1cccc2[nH]c(C(=O)NC3CCN(C4CCCCC4)CC3)nc12,6.51
CHEMBL4060514,NC(=O)c1cccc2[nH]c(C(=O)NC3CCNCC3)nc12,7
CHEMBL4065317,CC(C)(C)OC(=O)NC1CCN(C(=O)c2nc3c(C(N)=O)cccc3[nH]2)C1,6.07
CHEMBL3956961,O=C(c1ccc(F)cc1)C1CCN(C2CCN(Cc3nc4c(c(=O)[nH]3)COCC4)C2=O)CC1,4.63
CHEMBL5095043,C[C@@H](COCCC(=O)N1CCN(c2ncc(C(F)(F)F)cn2)CC1)Nc1cn[nH]c(=O)c1C(F)(F)F,7.43
CHEMBL1094636,NC(=O)c1cccc2cn(-c3ccc([C@@H]4CCCNC4)cc3)nc12,6.88
CHEMBL1173055,CNCc1ccc(-c2[nH]c3cc(F)cc4c3c2CCNC4=O)cc1,7.4
CHEMBL1173055,CNCc1ccc(-c2[nH]c3cc(F)cc4c3c2CCNC4=O)cc1,8.5
CHEMBL108339,COc1ccc(N2CCN(C(=O)CNC(=O)CCn3c4c(c(=O)[nH]c3=O)CSCC4)CC2)cc1,7.6
CHEMBL322133,O=C(CCn1c2c(c(=O)[nH]c1=O)CSCC2)NCC(=O)c1ccc(Br)cc1,7.82
CHEMBL108623,O=C(CCn1c2c(c(=O)[nH]c1=O)CSCC2)NCC(=O)N1CCN(c2cc(C(F)(F)F)ccn2)CC1,7.7
CHEMBL194482,O=c1[nH]c2ccc(CCCN3CC=C(c4ccccc4)CC3)cc2c2ccccc12,7.34
CHEMBL593592,O=C1NCC2c3c(cccc31)CCN2C(=O)Cc1ccccn1,7.89
CHEMBL595679,O=C1NCC2c3c(cccc31)CCN2C(=O)CN1CCC(c2ccccc2)CC1,9.3
CHEMBL311091,Oc1nc2cnccc2c2ccccc12,6.77
CHEMBL381153,O=CN1Cc2c(c3c(c4[nH]c5ccccc5c24)CCC3)C1=O,5.52
CHEMBL378794,NCCCCC(N)C(=O)NCc1ccc2[nH]c3c4c(c5c(c3c2c1)CNC5=O)CCC4,7.1
CHEMBL381475,O=C(NCCn1ccnn1)c1ccc2[nH]c3c4c(c5c(c3c2c1)CNC5=O)CCC4,6.98
CHEMBL123572,Cc1cccc(C(N)=O)c1,4.72
CHEMBL1767068,O=c1[nH]c(CCCCN2CC=C(c3ccc(F)cc3)CC2)nc2c(Cl)cccc12,7.89
CHEMBL3644604,CC(C)c1ccc(S(=O)(=O)N2CCN(CC3=Nc4cccc5c(=O)[nH]nc(c45)N3)CC2)cc1,7.77
CHEMBL6038604,Cc1cc(F)ccc1N1CCN(Cc2cc(CO)c3c4c(c(=O)[nH]c3c2)CCCN4)CC1,7.66
CHEMBL6038214,N#Cc1ccc(N2CCN(Cc3cc(CO)c4c5c(c(=O)[nH]c4c3)CCCN5)CC2)cc1F,7.76
CHEMBL5747973,N#Cc1ccc(N2CCN(Cc3ccc4c5c(c(=O)[nH]c4c3)CCCN5)CC2)c(Cl)c1,8.11
CHEMBL5844600,N#Cc1ccc(N2CCN(Cc3ccc4c5c(c(=O)[nH]c4c3)CCCN5)CC2)c(Br)c1,7.8
CHEMBL5758790,CCNC(=O)c1cc(F)c(N2CCN(Cc3ccc4c5c(c(=O)[nH]c4c3)CCCN5)CC2)c(F)c1,7.92
CHEMBL3644777,O=c1[nH]nc2c3c(cccc13)Oc1ccc(CN3CCC4(CC3)OCCO4)cc1-2,7
CHEMBL3644779,O=c1[nH]nc2c3c(cccc13)Oc1ccc(CN3CC(O)C3)cc1-2,7.52
CHEMBL5174694,O=C1NCCc2c(-c3ccc(CN4CCN(CCO)CC4)cc3)[nH]c3cc(F)cc1c23,8.81
CHEMBL5203682,C[C@@H]1CN(Cc2ccc(-c3[nH]c4cc(F)cc5c4c3CCNC5=O)cc2)CCN1,9.18
CHEMBL5830151,COc1ccc(N2CCN(Cc3ccc4c5c(c(=O)[nH]c4c3)CCCN5)CC2)cc1,8.3
CHEMBL6057352,Cc1cc(CN2CCN(c3ccc(Br)cc3)CC2)cc2[nH]c(=O)c3c(c12)NCCC3,7.05
CHEMBL5934127,Cc1cc(CN2CCN(c3c(F)cc(C#N)cc3F)CC2)cc2[nH]c(=O)c3c(c12)NCCC3,7.04
CHEMBL5922718,CCNC(=O)c1ccc(N2CCN(Cc3cc(C)c4c5c(c(=O)[nH]c4c3)CCCN5)CC2)cc1,7.63
CHEMBL6050809,CCNC(=O)c1ccc(N2CCN(Cc3cc(C)c4c5c(c(=O)[nH]c4c3)CCCN5)CC2)c(Cl)c1,7.54
CHEMBL5991300,CNC(=O)c1ccc(N2CCN(Cc3cc(C)c4c5c(c(=O)[nH]c4c3)CCCN5)CC2)c(Cl)c1,7.59
CHEMBL6041990,N#Cc1ccc(N2CCN(Cc3ccc4c5c(c(=O)[nH]c4c3)CCCN5)CC2)cc1Cl,7.96
CHEMBL5960080,Cc1cc(N2CCN(Cc3ccc4c5c(c(=O)[nH]c4c3)CCCN5)CC2)ccc1C#N,8.35
CHEMBL5783189,CCNC(=O)c1ccc(N2CCN(Cc3ccc4c5c(c(=O)[nH]c4c3)CCCN5)CC2)c(C)c1,8.12
CHEMBL5890554,CNC(=O)c1ccc(N2CCN(Cc3ccc4c5c(c(=O)[nH]c4c3)CCCN5)CC2)c(Cl)c1,8.1
CHEMBL4789581,N#Cc1ccc(N2CCN([C@H]3C=C(c4cc5ncc(F)cc5c(=O)[nH]4)CC3)CC2)cc1,9.05
CHEMBL4754497,CN(C)Cc1ccc(-c2ccc3c(Cl)cc(C(N)=O)n3n2)cc1,7.03
CHEMBL3925115,CC(C)C1CC2=NNC(=O)c3cc(F)cc4[nH]c(c2c34)C1,8.48
CHEMBL3901638,CC1(C)CC2=NNC(=O)c3cc(F)cc4[nH]c(c2c34)C1O,7.97
CHEMBL4778454,CC1(C)C(=O)C2=NNC(=O)c3cc(F)cc4[nH]c(c2c34)C1=O,7.88
CHEMBL3901638,CC1(C)CC2=NNC(=O)c3cc(F)cc4[nH]c(c2c34)C1O,4.96
CHEMBL1767049,Cc1ccc(C(=O)Nc2cccc3c(=O)[nH]ccc23)cc1,4.87
CHEMBL4539846,NC(=O)c1cccc2c1O/C(=C\c1ccc(C(=O)N3CCN(c4cnccn4)CC3)cc1)C2=O,7.12
CHEMBL4571844,Cc1nnc2n1CCN(C(=O)c1ccc(/C=C3\Oc4c(C(N)=O)cccc4C3=O)cc1)C2,7.09
CHEMBL4471547,NC(=O)c1cccc2c1O/C(=C\c1cccc(C(=O)NCCc3nc4cc(F)ccc4[nH]3)c1)C2=O,7.01
CHEMBL4576573,COc1ccc2[nH]c(CCNC(=O)c3ccc(/C=C4\Oc5c(C(N)=O)cccc5C4=O)cc3)nc2c1,7.55
CHEMBL4474593,NC(=O)c1cccc2c1O/C(=C\c1ccc(C(=O)N3CCN(c4nc5ccccc5[nH]4)CC3)cc1)C2=O,7.75
CHEMBL525534,Cc1nn(C)c2[nH]c3c(c(=O)c12)CCC3,5.16
CHEMBL5191912,CCc1cc2ncc(CN3CCN(c4ccc(OC(F)F)nc4)CC3)cc2[nH]c1=O,9
CHEMBL5185522,CCc1cc2ncc(CN3CCN(c4ccc5[nH]ncc5n4)CC3)cc2[nH]c1=O,9.11
CHEMBL5205419,CCc1cc2ncc(CN3CCN(c4ccc5cc[nH]c5n4)CC3)cc2[nH]c1=O,8.89
CHEMBL5196723,CCc1cc2ncc(CN3CCN(c4ccc5oc(=O)[nH]c5c4)CC3)cc2[nH]c1=O,7.99
CHEMBL1169488,NC(=O)c1cccc2cc(-c3ccccc3)nn12,7.26
CHEMBL5873737,O=C(CCCc1nc2ccccc2c(=O)[nH]1)N[C@H]1CC[C@H](Oc2ccncc2)CC1,6.14
CHEMBL5929705,O=C(CCc1nc2ccccc2c(=O)[nH]1)N[C@H]1CC[C@H](n2c(=O)oc3ccccc32)CC1,5.65
CHEMBL5875335,O=C(CCSc1nc2ccccc2c(=O)[nH]1)N1CCN(c2n[nH]c3ccccc23)CC1,5.91
CHEMBL5853920,O=C(CCCc1nc2ccccc2c(=O)[nH]1)N[C@H]1CC[C@H](c2ncc(-c3ccccc3)o2)CC1,5.71
CHEMBL3110115,O=C(CSc1nc2ccccc2c(=O)[nH]1)N[C@H]1CC[C@H](c2nnc(-c3ccccc3)o2)CC1,4.54
CHEMBL3110101,O=C(CCSc1nc2ccccc2c(=O)[nH]1)N[C@H]1CC[C@H](Oc2ccncc2)CC1,5.56
CHEMBL5881165,O=C(CCCSc1nc2ccccc2c(=O)[nH]1)N1CCC(c2nnc(-c3ccccc3)o2)CC1,5.12
CHEMBL4868231,NC(=O)c1cccc2cc(C(=O)N3CCN(Cc4cc5nc(-c6cnc(N)nc6)nc(N6CCOCC6)c5o4)CC3)oc12,8.53
CHEMBL4859625,Cc1c(CN2CCN(C(=O)c3cc4cccc(C(N)=O)c4o3)CC2)sc2c(N3CCOCC3)nc(-c3ccc(N)c(F)c3)nc12,8.04
CHEMBL363363,Nc1ccc2c(c1)-c1nc(O)c3ccccc3c1C2,6.52
CHEMBL4860646,Cc1ccc(-c2cc(=O)c3c(O)cc(O)c(-c4cccc(-c5cc(=O)c6c(O)cc(O)cc6o5)c4)c3o2)cc1C,6.6
CHEMBL4846968,Cc1ccc(N2CCN(Cc3c(O)cc(O)c4c(=O)cc(-c5ccc(O)cc5)oc34)CC2)cc1,7.31
CHEMBL2407988,COc1cc(CN2CCN(c3ccc(C(=O)NC4CC4)cc3C)CC2)cc2c1OC(C)C(=O)N2,6.83
CHEMBL2407986,CNC(=O)c1ccc(N2CCN(Cc3cc4c(c(OC)c3)OC(C)C(=O)N4)CC2)c(C)c1,7.44
CHEMBL187062,CCc1cccc2c(O)nc(CCCN3CC=C(c4ccccc4)CC3)nc12,7.18
CHEMBL521686,O=C(c1cc(Cc2n[nH]c(=O)c3ccccc23)ccc1F)N1CCN(C(=O)C2CC2)CC1,8.96
CHEMBL521686,O=C(c1cc(Cc2n[nH]c(=O)c3ccccc23)ccc1F)N1CCN(C(=O)C2CC2)CC1,8.32
CHEMBL3917078,CCCN1CC2=NNC(=O)c3cc(F)cc4[nH]c(c2c34)C1,8.35
CHEMBL3926240,CCN(CC)CCn1c2c3c4c(cccc41)C(=O)NN=C3CC(C)(C)C2,8.48
CHEMBL3895581,Cn1c2c3c4c(cccc41)C(=O)NN=C3CCC2,7.8
CHEMBL3901034,CC1(C)CC2=NNC(=O)c3c(F)ccc4[nH]c(c2c34)C1,8.04
CHEMBL4755076,N#Cc1ccc(N2CCN([C@H]3C=C(c4cc5c(N)cc(F)cc5c(=O)[nH]4)CC3)CC2)cc1,9
CHEMBL4799284,COc1cc(/C=N/NC(N)=S)c(Br)c(Br)c1OC,4.53
CHEMBL521686,O=C(c1cc(Cc2n[nH]c(=O)c3ccccc23)ccc1F)N1CCN(C(=O)C2CC2)CC1,5.53
CHEMBL186380,Oc1nc(CCCN2CCC3=C(CCc4ccccc43)C2)nc2ccccc12,7.92
CHEMBL4857071,CCc1cc2cnc(CN3CCN(c4ccc(C(=O)NC)nc4Cl)CC3)cc2[nH]c1=O,8.52
CHEMBL370171,O=C1NC(CCCN2CC=C(c3ccccc3)CC2)=NC2CCNCC12,5.07
CHEMBL3931972,CC(C)N1CC2=NNC(=O)c3cc(F)cc4[nH]c(c2c34)C1,8.29
CHEMBL3947623,CC1(C)CC2=NNC(=O)c3cccc4c3c2c(n4CCN2CCCC2)C1,8.18
CHEMBL3983247,CCN(CC)CCn1c2c3c4c(cccc41)C(=O)NN=C3CCC2,7.81
CHEMBL5809943,CC1CN(c2ccc(C#N)c(F)c2)CCN1Cc1ccc2c3c(c(=O)[nH]c2c1)CCCN3,8.04
CHEMBL5989650,CS(=O)(=O)c1ccc(N2CCN(Cc3ccc4c5c(c(=O)[nH]c4c3)CCCN5)CC2)nc1,7.71
CHEMBL5954322,N#Cc1ccnc(N2CCN(Cc3ccc4c5c(c(=O)[nH]c4c3)CCCN5)CC2)c1,8.15
CHEMBL5836562,N#Cc1cccc(N2CCN(Cc3ccc4c5c(c(=O)[nH]c4c3)CCCN5)CC2)n1,7.11
CHEMBL5962871,O=c1[nH]c2cc(CN3CCN(c4ccc5cn[nH]c5c4)CC3)ccc2c2c1CCCN2,8.31
CHEMBL5792581,O=c1[nH]c2cc(CN3CCN(c4ccc5c(n4)OCC5)CC3)ccc2c2c1CCCN2,7.69
CHEMBL5779829,N#Cc1cnc(N2CCN(Cc3ccc4c5c(c(=O)[nH]c4c3)CCCN5)CC2)c2c1CCC2,7.75
CHEMBL6001595,N#Cc1ccc(N2CCN(Cc3cc(F)c4c5c(c(=O)[nH]c4c3)CCCN5)CC2)nc1,8.48
CHEMBL2414044,Cc1ccc(-c2cc3c(N)cccc3c(=O)[nH]2)cc1,6.06
CHEMBL3928827,O=C(c1cc(Cc2n[nH]c(=O)c3ccccc23)ccc1F)N1CCn2cccc2C1,8.3
CHEMBL3644614,Cc1ccc(S(=O)(=O)NCC2=Nc3cccc4c(=O)[nH]nc(c34)N2)cc1,6.77
CHEMBL3639434,O=c1[nH]nc2c3c(cccc13)N=C(CN1CCC(O)CC1)N2,7.46
CHEMBL3644569,O=c1[nH]nc2c3c(cccc13)N=C(CNCc1cccc(C(F)(F)F)c1)N2,7.68
CHEMBL3644584,CC(=O)N1CCCN(CC2=Nc3cccc4c(=O)[nH]nc(c34)N2)CC1,7.31
CHEMBL1949845,O=c1[nH]cnc2ccc(I)cc12,4.6
CHEMBL107935,O=C(CCn1c2c(c(=O)[nH]c1=O)CSCC2)NCC(=O)c1ccc(Oc2ccccc2)cc1,7.52
CHEMBL250489,O=c1[nH]c(CCCN2CCC(c3ccccc3)CC2)nc2c(Cl)cccc12,7.64
CHEMBL3105402,O=C(CCc1nc2ccccc2c(=O)[nH]1)N1CCN(C(=O)c2cccs2)CC1,8.01
CHEMBL3105401,O=C(CCc1nc2ccccc2c(=O)[nH]1)N1CCN(C(=O)C2CCCO2)CC1,6.89
CHEMBL2431805,O=c1[nH]c(-c2ccc(C(F)(F)F)cc2)nc2c1CCSC2,5.25
CHEMBL370217,O=C1CCCC(=O)N1c1cc(Cc2n[nH]c(=O)c3ccccc23)ccc1F,8.39
CHEMBL370838,CC1CC(=O)N(c2cc(Cc3n[nH]c(=O)c4ccccc34)ccc2F)C1=O,8.42
CHEMBL372450,O=C(Nc1cccc(Cc2n[nH]c(=O)c3ccccc23)c1)c1ccc(-c2ccsc2)s1,7.25
CHEMBL425560,CCCC(=O)Nc1cccc(Cc2n[nH]c(=O)c3ccccc23)c1,7.05
CHEMBL371244,CC(=O)Oc1cccc(Cc2n[nH]c(=O)c3ccccc23)c1,7.44
CHEMBL433356,COc1ccc(C(=O)CNC(=O)CCn2c3c(c(=O)[nH]c2=O)CSCC3)cc1,7.6
CHEMBL479471,O=C1NCCn2c(CCc3ccccc3)nc3cccc1c32,7.58
CHEMBL4098253,COC1CCN(C(=O)c2cc(Cc3n[nH]c(=O)c4ccccc34)ccc2F)CC1,8.55
CHEMBL1935256,O=C(Cn1cncn1)c1ccc2[nH]c3c4c(c5c(c3c2c1)C(=O)NC5=O)CCC4,7.82
CHEMBL1935263,CCN(CC)C(=O)CCC(=O)c1ccc2[nH]c3c4c(c5c(c3c2c1)C(=O)NC5=O)CCC4,7.92
CHEMBL1935265,O=C(CCC(=O)N1CCCCC1)c1ccc2[nH]c3c4c(c5c(c3c2c1)C(=O)NC5=O)CCC4,8
CHEMBL1935270,CC(C)(C)OC(=O)NCCNC(=O)CCC(=O)c1ccc2[nH]c3c4c(c5c(c3c2c1)C(=O)NC5=O)CCC4,7.8
CHEMBL480714,CC(Oc1ccccc1)C(=O)N1CCN(C(=O)c2cc(COc3ccccc3C(N)=O)ccc2F)CC1,7.3
CHEMBL480704,CC(Oc1ccccc1)C(=O)N1CCN(C(=O)c2cccc(Cc3n[nH]c(=O)c4ccccc34)c2)CC1,8.3
CHEMBL1935261,O=C(CN1CCC[C@H]1C(=O)O)c1ccc2[nH]c3c4c(c5c(c3c2c1)C(=O)NC5=O)CCC4.O=C(O)C(F)(F)F,8.15
CHEMBL1935266,O=C(CCC(=O)N1C=CC=CC=C1)c1ccc2[nH]c3c4c(c5c(c3c2c1)C(=O)NC5=O)CCC4,7.58
CHEMBL1935272,O=C(CCC(=O)c1ccc2[nH]c3c4c(c5c(c3c2c1)C(=O)NC5=O)CCC4)NCCO,8.05
CHEMBL3290461,C[C@H]1Cc2cc(F)cc(C(N)=O)c2O1,5.44
CHEMBL521686,O=C(c1cc(Cc2n[nH]c(=O)c3ccccc23)ccc1F)N1CCN(C(=O)C2CC2)CC1,8.15
CHEMBL479356,CC(Oc1ccccc1)C(=O)N1CCN(C(=O)c2cc(COc3ccc(F)cc3C(N)=O)ccc2F)CC1,7.85
CHEMBL194416,CC1=NC2CCSCC2C(=O)N1,6.33
CHEMBL196504,Oc1nc2ccc(CCCCN3CC=C(c4ccccc4)CC3)cc2c2ccccc12,6.92
CHEMBL195966,CN1CC(=O)N(c2cc(Cc3nnc(O)c4ccccc34)ccc2F)C(=O)C1,8.02
CHEMBL372303,CN(C)CC(=O)Nc1ccc2[nH]c(=O)c3ccccc3c2c1,6.96
CHEMBL4584534,CNCc1ccc(-c2cc3cc(F)cc(C(N)=O)c3o2)cc1,8.49
CHEMBL480715,NC(=O)c1ccccc1OCCc1cccc(C(=O)N2CCNCC2)c1,6.01
CHEMBL480528,NC(=O)c1ccccc1OCc1ccc(F)c(C(=O)N2CCN(C(=O)C3CCCC3)CC2)c1,7.62
CHEMBL481204,Cc1ccc(-c2nc3cccc4c3n2CCNC4=O)cc1,6.96
CHEMBL4278332,CC(C)(C)[C@H]1NCCC2C=C(c3nc4c(C(=O)O)cc(F)cc4[nH]3)SC21,7.04
CHEMBL4280657,NC(=O)c1cc(F)cc2[nH]c(-c3cc4c(s3)CCNC4)nc12,7.57
CHEMBL504998,Cc1cnc2c(C(N)=O)cccc2c1,5.47
CHEMBL450259,NC(=O)c1cccc2cc(-c3ccccc3)cnc12,4.82
CHEMBL433356,COc1ccc(C(=O)CNC(=O)CCn2c3c(c(=O)[nH]c2=O)CSCC3)cc1,7.6
CHEMBL267373,NC(=O)c1ccccc1,4.7
CHEMBL1173055,CNCc1ccc(-c2[nH]c3cc(F)cc4c3c2CCNC4=O)cc1,9.1
CHEMBL3617774,CCCCNCc1ccc(-c2[nH]c3cc(F)cc4c3c2C(=O)NNC4=O)cc1,8.62
CHEMBL3617771,CCCCNCc1ccc(-c2[nH]c3cccc4c3c2C(=O)NNC4=O)cc1,6.6
CHEMBL5095220,CCc1cc2ncc(CN3CCN(c4ccc(C(=O)NC)nc4)CC3)cc2[nH]c1=O,9.51
CHEMBL250489,O=c1[nH]c(CCCN2CCC(c3ccccc3)CC2)nc2c(Cl)cccc12,6.99
CHEMBL250488,Cc1cccc2c(=O)[nH]c(CCCN3CC=C(c4ccc(Cl)cc4)CC3)nc12,7.8
CHEMBL401843,Cc1cccc2c(=O)[nH]c(CCCN3CC=C(c4ccc(F)cc4)CC3)nc12,8.1
CHEMBL399637,Cc1cccc2c(=O)[nH]c(C3=CC(N4CC=C(c5ccc(F)cc5)CC4)CC3)nc12,7.6
CHEMBL3907010,CC1CN(C(=O)c2cc(Cc3n[nH]c(=O)c4ccccc34)ccc2F)Cc2nnc(C(F)(F)F)n21,9.13
CHEMBL522501,O=C(c1cccc(Cc2n[nH]c(=O)c3ccccc23)c1)N1CCN(CCO)CC1,7.41
CHEMBL494117,O=C(c1ccccc1)N1CCN(C(=O)c2cccc(Cc3n[nH]c(=O)c4ccccc34)c2)CC1,7.96
CHEMBL494928,O=C(c1cccc(Cc2n[nH]c(=O)c3ccccc23)c1)N1CCN(c2ccccc2)CC1,7.29
CHEMBL495497,O=C(c1cccc(Cc2n[nH]c(=O)c3ccccc23)c1)N1CCN(c2ccccn2)CC1,8
CHEMBL493693,CCCCN1CCN(C(=O)c2cc(Cc3n[nH]c(=O)c4ccccc34)ccc2F)CC1,8.3
CHEMBL493692,CCCN1CCN(C(=O)c2cc(Cc3n[nH]c(=O)c4ccccc34)ccc2F)CC1,8.22
CHEMBL492692,CCN1CCN(C(=O)c2cc(Cc3n[nH]c(=O)c4ccccc34)ccc2F)CC1,8.22
CHEMBL247578,CS(=O)(=O)Cc1nc(-c2ccc3[nH]c4c5c(c6c(c4c3c2)C(=O)NC6=O)CCC5)cs1,7.42
CHEMBL245735,CC(=O)Nc1nc(-c2ccc3[nH]c4c5c(c6c(c4c3c2)C(=O)NC6=O)CCC5)cs1,7.27
CHEMBL245537,Cc1sc(N)nc1-c1ccc2[nH]c3c4c(c5c(c3c2c1)C(=O)NC5=O)CCC4,7.3
CHEMBL4853655,Cc1c(CN2CCN(C(=O)c3cc4cccc(C(N)=O)c4o3)CC2)sc2c(N3CCOCC3)nc(-c3ccc(F)c(N)c3)nc12,7.78
CHEMBL432211,O=C(CCn1c2c(c(=O)[nH]c1=O)CCCC2)NCC(=O)c1ccc2ccccc2c1,7.6
CHEMBL45245,O=c1[nH]c2ccccc2c2ccccc12,6.46
CHEMBL372303,CN(C)CC(=O)Nc1ccc2[nH]c(=O)c3ccccc3c2c1,7.7
CHEMBL505159,Cc1nn(C(C)(C)C)c2[nH]c(=O)c3c(c12)CSC3,5.74
CHEMBL5436154,Cn1ccc(-c2nnc3n2CCN(C(=O)c2cc(Cc4n[nH]c(=O)c5ccccc45)ccc2F)C3)n1,8.2
CHEMBL5404605,N#Cc1ccc(-c2nnc3n2CCN(C(=O)c2cc(Cc4n[nH]c(=O)c5ccccc45)ccc2F)C3)o1,9.64
CHEMBL5435418,CN(C)Cc1ccc(-c2nnc3n2CCN(C(=O)c2cc(Cc4n[nH]c(=O)c5ccccc45)ccc2F)C3)o1,8.87
CHEMBL3644616,O=C(NCC1=Nc2cccc3c(=O)[nH]nc(c23)N1)c1ccc([N+](=O)[O-])cc1,8
CHEMBL5188771,COc1ccccc1NC(=O)c1ccc(NC(=O)N2CCN(C(=O)c3cc(Cc4n[nH]c(=O)c5ccccc45)ccc3F)CC2)cc1,9.23
CHEMBL1688212,O=C1NCCc2ccccc21,4
CHEMBL3629673,O=C1NCCc2ccc(Br)cc21,4
CHEMBL3629674,Cc1ccc2c(c1)C(=O)NCC2,4
CHEMBL2414050,Nc1cccc2c(=O)[nH]c(Cc3ccccc3)cc12,5.29
CHEMBL3764951,CC(=O)Nc1ccc(C2Nc3cc(F)cc4c(=O)[nH]nc(c34)C2c2ncnn2C)cc1,8.68
CHEMBL4167280,O=C(c1cc(Cc2n[nH]c(=O)c3ccccc23)cc(F)c1F)N1CCN(c2ccc(O)cc2)CC1,9.22
CHEMBL4160023,O=C(c1cc(Cc2n[nH]c(=O)c3ccccc23)cc(F)c1F)N1CCN(c2ccncc2)CC1,9.05
CHEMBL2440671,O=C1N[C@H]2Cc3ccccc3CN2c2ccccc21,5.72
CHEMBL1097260,NC(=O)c1cccc2cn(-c3ccc([C@H]4CCCNC4)cc3)nc12,8.62
CHEMBL3805896,COc1ccc(C(=O)C2CCN(C(=O)CCCc3cn4c(C)ccc4c(=O)[nH]3)CC2)cc1,6.14
CHEMBL3804939,COc1ccc(C(=O)C2CCN(C(=O)CCCc3nc4c(C)scc4c(=O)[nH]3)CC2)cc1C,5.72
CHEMBL3416132,O=C1NCCc2ccc(Cl)cc21,4
CHEMBL443077,NC(=O)c1cccc2ncc(-c3ccc(N)cc3)nc12,7.06
CHEMBL106154,Nc1cnc2c(c1)[nH]c(=O)c1ccccc12,6.75
CHEMBL196444,O=C1CCC(=O)N1c1cc(Cc2n[nH]c(=O)c3ccccc23)ccc1F,8.3
CHEMBL195402,O=C1CCC(=O)N1c1cccc(Cc2n[nH]c(=O)c3ccccc23)c1,7.92
CHEMBL371425,CCC(=O)Nc1cccc(Cc2n[nH]c(=O)c3ccccc23)c1,7.7
CHEMBL519443,COc1ccc(-c2cnc3cccc(C(N)=O)c3n2)cc1,7.15
CHEMBL1767048,O=C(Nc1cccc2c(=O)[nH]ccc12)c1ccc(C(F)(F)F)cc1,4.97
CHEMBL4289667,O=C1NCCn2c(-c3cc4c(s3)CCNC4)nc3cc(F)cc1c32,7.6
CHEMBL4285227,NC(=O)c1cc(F)cc2[nH]c(C3=NC4CCNCC4S3)nc12,7.43
CHEMBL4277995,CCC1NCCc2cc(-c3nc4c(C(N)=O)cc(F)cc4[nH]3)sc21,7.6
CHEMBL2431805,O=c1[nH]c(-c2ccc(C(F)(F)F)cc2)nc2c1CCSC2,5.26
CHEMBL4095862,CC(C)(C)OC(=O)N1CCCC(NC(=O)c2nc3c(C(N)=O)cccc3[nH]2)C1,5.94
CHEMBL4099441,CC(C)CCN1CCCC(NC(=O)c2nc3c(C(N)=O)cccc3[nH]2)C1,6.15
CHEMBL4088354,NC(=O)c1cccc2[nH]c(C(=O)NC3CCN(C(=O)C(F)(F)F)CC3)nc12,7.08
CHEMBL4089213,CC(C)CN1CCC(NC(=O)c2nc3c(C(N)=O)cccc3[nH]2)CC1,7.04
CHEMBL4084815,CC(C)(C)OC(=O)N1CCC(N2CCC(NC(=O)c3nc4c(C(N)=O)cccc4[nH]3)CC2)CC1,6.06
CHEMBL4061234,CCC(=O)NC1CCN(C(=O)c2nc3c(C(N)=O)cccc3[nH]2)C1,7.08
CHEMBL4079788,NC(=O)c1cccc2[nH]c(C(=O)N3CCC(N)CC3)nc12,7.54
CHEMBL4071492,NC(=O)c1cccc2[nH]c(C(=O)N3CCC(NC4CCCCC4)CC3)nc12,7.16
CHEMBL4098745,NC(=O)c1cc(F)cc2[nH]c(C(=O)N3CCC(NC4CCCCC4)CC3)nc12,8.12
CHEMBL3577626,O=C1CCN(c2ccccc2C(=O)NCCc2ccc(Cl)cc2Cl)C(=O)N1,6.96
CHEMBL1173055,CNCc1ccc(-c2[nH]c3cc(F)cc4c3c2CCNC4=O)cc1,8.15
CHEMBL5178594,Cc1cnc(N2CCN(Cc3ccc4c5c(c(=O)[nH]c4c3)COCC5)CC2)n1C,7.42
CHEMBL4848908,Cc1c(CN2CCN(C(=O)c3cc4cccc(C(N)=O)c4o3)CC2)sc2c(N3CCOCC3)nc(-c3cccc4[nH]ccc34)nc12,6.85
CHEMBL4865059,Cc1c(CN2CCN(C(=O)c3cc4cccc(C(N)=O)c4o3)CC2)sc2c(N3CCOCC3)nc(-c3cnc(N)nc3)nc12,9.04
CHEMBL45245,O=c1[nH]c2ccccc2c2ccccc12,6.52
CHEMBL4167980,O=C(c1cc(Cc2n[nH]c(=O)c3ccccc23)ccc1F)N1CCC2(CCCCC2)C1,6.85
CHEMBL4166463,O=C(c1cc(Cc2n[nH]c(=O)c3ccccc23)ccc1F)N1CCC2(CNC2)C1,5.91
CHEMBL4163013,O=C(c1cc(Cc2n[nH]c(=O)c3ccccc23)ccc1F)N1CCC2(CCC2)C1,7.49
CHEMBL4168908,CC(C)(C)OC(=O)N1CCC2(CC1)CCN2C(=O)c1cc(Cc2n[nH]c(=O)c3ccccc23)ccc1F,5.53
CHEMBL4176099,O=C(c1cc(Cc2n[nH]c(=O)c3ccccc23)ccc1F)N1CCC12CCCCC2,6.55
CHEMBL4167820,O=C(c1cc(Cc2n[nH]c(=O)c3ccccc23)ccc1F)N1CC2(CCNCC2)C1,5.85
CHEMBL4162679,O=C(c1cc(Cc2n[nH]c(=O)c3ccccc23)ccc1F)N1CCC12CCC2,7.44
CHEMBL3763348,O=c1[nH]nc2c3c(cccc13)NC(c1cccnc1)C2c1cccnc1,7.75
CHEMBL3763209,O=c1[nH]nc2c3c(cccc13)NC(c1cccnc1)C2C1CCCNC1,6.98
CHEMBL3764464,O=c1[nH]nc2c3c(cccc13)NC(c1ccc(F)cc1)C2c1nccs1,8.13
CHEMBL3765528,Cn1ncnc1C1c2n[nH]c(=O)c3cc(F)cc(c23)NC1c1ccc(F)cc1,8.67
CHEMBL4163596,O=C(c1ccccc1)N1CCN(C(=O)c2cc(Cc3n[nH]c(=O)c4ccccc34)cc(F)c2F)CC1,8.21
CHEMBL4563153,O=C1NCCn2c(-c3ccc(CN4CCCCC4)cc3)nc3cncc1c32,7.54
CHEMBL4592544,CN(C)Cc1ccc(-c2nc3cncc4c3n2CCNC4=O)cc1,7.55
CHEMBL4458889,CNCc1ccc(-c2nc3cncc4c3n2CCNC4=O)cc1,7.89
CHEMBL3900548,O=C1NN=C2CC(c3ccccc3)Cc3[nH]c4cc(F)cc1c4c32,8.24
CHEMBL3954603,CN(C)CCn1c2c3c4c(cccc41)C(=O)NN=C3CCC2,7.82
CHEMBL3978425,O=C1NN=C2CN(C3CCCCC3)Cc3[nH]c4cccc1c4c32,8.04
CHEMBL3908092,CN1CC2=NNC(=O)c3cc(F)cc4[nH]c(c2c34)C1,8.24
CHEMBL3905389,CCCCN1CC2=NNC(=O)c3cc(F)cc4[nH]c(c2c34)C1,8.42
CHEMBL3917078,CCCN1CC2=NNC(=O)c3cc(F)cc4[nH]c(c2c34)C1,8.35
CHEMBL3970252,CC(C)(N)C(=O)N1CC2=NNC(=O)c3cccc4[nH]c(c2c34)C1,8.59
CHEMBL3962648,O=C1NN=C2CCCCc3[nH]c4cc(F)cc1c4c32,8.19
CHEMBL3983342,O=C1NN=C2CCCc3[nH]c4c(F)ccc1c4c32,7.62
CHEMBL3906567,Cn1c2c3c4c(cccc41)C(=O)NN=C3CC(C)(C)C2,7.82
CHEMBL3940569,CC1(C)CC2=NNC(=O)c3cccc4c3c2c(n4CC2CO2)C1,7.57
CHEMBL3923029,CN(C)CCn1c2c3c4c(cccc41)C(=O)NN=C3CN(C(=O)C1CC1)C2,7.96
CHEMBL3963459,CC(C)(C)CCN1CC2=NNC(=O)c3cccc4[nH]c(c2c34)C1,7.85
CHEMBL3593813,NC(=O)c1cccc2[nH]c(-c3ccc(-c4cncc(C(=O)N5CCCC5)c4)cc3)nc12,7.54
CHEMBL3593989,CC(=O)Nc1ccc(-c2ccc(-c3nc4c(C(N)=O)cccc4[nH]3)cc2)cn1,7.31
CHEMBL521686,O=C(c1cc(Cc2n[nH]c(=O)c3ccccc23)ccc1F)N1CCN(C(=O)C2CC2)CC1,8.8
CHEMBL3735832,O=C(Cc1cccc(I)c1)N1CCN(C(=O)c2cc(Cc3n[nH]c(=O)c4ccccc34)ccc2F)CC1,8.24
CHEMBL1098299,NC(=O)c1cccc2cn(-c3ccc(C4CCNCC4)cc3)nc12,8.05
CHEMBL4170242,O=C(c1cc(Cc2n[nH]c(=O)c3ccccc23)cc(F)c1F)N1CCN(c2ncc(C(F)(F)F)cn2)CC1,7.15
CHEMBL3961684,CC1(C)CC2=NNC(=O)c3cc(F)cc4[nH]c(c2c34)C1=O,7.94
CHEMBL4749300,O=C1NN=C2CN(S(=O)(=O)C3CC3)Cc3[nH]c4cc(F)cc1c4c32,8.1
CHEMBL3952984,CC1(C)CC2=NNC(=O)c3cccc4c3c2c(n4CCN2CCOCC2)C1,6.72
CHEMBL3914932,CC1(C)CCc2[nH]c3cc(F)cc4c3c2C1=NNC4=O,7.54
CHEMBL3910080,CC1CC2=NNC(=O)c3cc(F)cc4[nH]c(c2c34)C1,8.31
CHEMBL3891329,O=C1NN=C2CCCc3[nH]c4cccc1c4c32,7.99
CHEMBL4129001,NC(=O)c1ccc(Oc2cccc(C(=O)N3CCN(c4ccc(F)cc4)CC3)c2)cc1,4.72
CHEMBL4855360,O=c1cc(-c2ccc(O)cc2)oc2c(CN3CCN(c4ccccc4)CC3)c(O)cc(O)c12,7.45
CHEMBL371244,CC(=O)Oc1cccc(Cc2n[nH]c(=O)c3ccccc23)c1,7.44
CHEMBL193903,O=C(Nc1cccc(Cc2nnc(O)c3ccccc23)c1)c1ccc(-n2cccn2)nc1,7.33
CHEMBL383578,Cc1nc(-c2ccccc2)sc1C(=O)Nc1cccc(Cc2nnc(O)c3ccccc23)c1,7.57
CHEMBL607844,Cc1ccn2c(c1)nc1c3ccccc3c(=O)[nH]c12,6.33
CHEMBL4648016,O=c1[nH]c(SCCN2CCN(CCCc3nc(-c4ccccc4)no3)CC2)nc2ccccc12,5.83
CHEMBL3137320,Cn1ncnc1[C@H]1c2n[nH]c(=O)c3cc(F)cc(c23)N[C@@H]1c1ccc(F)cc1,9.24
CHEMBL594836,CNCc1ccc(-n2cc3cc(F)cc(C(N)=O)c3n2)c(F)c1,8.22
CHEMBL81977,NC(=O)c1cccc(N)c1,5.48
CHEMBL595019,Cc1csc(CC(=O)N2CCc3cccc4c3C2CNC4=O)n1,8.22
CHEMBL611322,O=C1NCC2c3c(cccc31)CCN2C(=O)CN1CCCCC1,8.22
CHEMBL1094636,NC(=O)c1cccc2cn(-c3ccc([C@@H]4CCCNC4)cc3)nc12,7.46
CHEMBL321638,COc1ccc(-c2ccc(C(=O)CNC(=O)CCn3c4c(c(=O)[nH]c3=O)CSCC4)cc2)cc1,7.82
CHEMBL598357,CCN1CCCC12CCN(C(=O)c1cc(Cc3n[nH]c(=O)c(C)c3C)ccc1F)CC2,8.01
CHEMBL598752,Cc1c(Cc2ccc(F)c(C(=O)N3CCN(C(=O)C4(Nc5ccccc5)CCCC4)CC3)c2)n[nH]c(=O)c1C,8.41
CHEMBL3606021,NC(=O)c1cc(F)cc2c1C(=O)N(C1CCN(C3CCC(F)(F)CC3)CC1)C2,8.07
CHEMBL4303397,Cn1cccc1/C=C1\C(=O)NC(=O)c2ccccc21,7.35
CHEMBL5095043,C[C@@H](COCCC(=O)N1CCN(c2ncc(C(F)(F)F)cn2)CC1)Nc1cn[nH]c(=O)c1C(F)(F)F,7.54
CHEMBL294995,COC(=O)c1ccc2c(c1)nc(O)c1ccccc12,6.74
CHEMBL3905040,CC(C)(N)C(=O)N1CC2=NNC(=O)c3cc(F)cc4[nH]c(c2c34)C1,7.92
CHEMBL3970120,O=C1NN=C2CNCc3[nH]c4cccc1c4c32,7.8
CHEMBL3975917,CN(C)CCn1c2c3c4c(cccc41)C(=O)NN=C3CC(C)(C)C2,8.26
CHEMBL3972156,CC1(C)CC2=NNC(=O)c3cccc4[nH]c(c2c34)C1,8.2
CHEMBL3983342,O=C1NN=C2CCCc3[nH]c4c(F)ccc1c4c32,7.62
CHEMBL5408163,O=C(c1cc(Cc2n[nH]c(=O)c3ccccc23)ccc1F)N1CCn2c(nnc2-c2ccc(Cl)o2)C1,9.13
CHEMBL5642542,O=C1Nc2ccccc2/C1=C1/Nc2ccccc2/C1=N\OCCCC(=O)N1CCN(C(=O)c2ccc(Cc3n[nH]c(=O)c4ccccc34)cc2F)CC1,8.72
CHEMBL195464,O=C(Nc1cccc(Cc2nnc(O)c3ccccc23)c1)C(F)(F)F,7.89
CHEMBL193638,CCOC(=O)Nc1cccc(Cc2nnc(O)c3ccccc23)c1,6.94
CHEMBL370692,O=C1c2ccccc2C(=O)N1c1cccc(Cc2nnc(O)c3ccccc23)c1,6.75
CHEMBL562117,COc1cc(-c2cc3[nH]c(=O)c4ccccc4n3n2)cc(OC)c1OC,7.52
CHEMBL124706,Oc1nncc2ccccc12,4.92
CHEMBL5431108,Cc1ccc2c(c1)sc1nnc(N)n12,5.8
CHEMBL298064,Nc1cccc2c1nc(O)c1ccccc12,6.51
CHEMBL45072,O=C(O)c1cccc2nc(O)c3ccccc3c12,5.7
CHEMBL426270,I.O=S(=O)(NCCCN1CCOCC1)c1ccc2c(c1)Cc1c-2nc(O)c2ccccc12,6.1
CHEMBL81977,NC(=O)c1cccc(N)c1,4.52
CHEMBL47283,Cc1cccc2c(O)nc3cc(C(F)(F)F)c(NC(=O)CCl)cc3c12,7.48
CHEMBL4079213,NC(=O)c1cccc(NC(=O)/C=C\C(=O)N2CCN(c3ccccc3F)CC2)c1,6.29
CHEMBL4089522,NC(=O)c1cccc(NC(=O)/C=C\C(=O)N2CCN(c3ccc(F)cc3)CC2)c1,6.25
CHEMBL2323222,O=C1NCC2c3c(cccc31)CCN2C(=O)C1CCN(C(=O)c2cc(Cc3n[nH]c(=O)c4ccccc34)ccc2F)CC1,8.72
CHEMBL591589,Cc1c(Cc2ccc(F)c(C(=O)N3CCN(C(=O)[C@@]4(C)CCN4)CC3)c2)n[nH]c(=O)c1C,8.51
CHEMBL4435879,CC(C)CN1CCC(c2nc3cncc4c3n2CCNC4=O)CC1,7.55
CHEMBL289198,C[N+](C)(C)CC(=O)Nc1ccc2nc(O)c3ccccc3c2c1.[Cl-],7.52
CHEMBL84979,Oc1nc2c(c3ccccc13)CNCC2,7.46
CHEMBL1160877,O=C(O)C(F)(F)F.Oc1nc2ccc(N3C[C@H]4C[C@@H]3CN4)nc2c2ccccc12,7.38
CHEMBL3970120,O=C1NN=C2CNCc3[nH]c4cccc1c4c32,5
CHEMBL110729,O=C(CCn1c2c(c(=O)[nH]c1=O)CC=CCC2)NCC(=O)N1CCN(c2ncccn2)CC1,6.05
CHEMBL107738,Oc1nc2ccccc2c2cccnc12,4.85
CHEMBL521686,O=C(c1cc(Cc2n[nH]c(=O)c3ccccc23)ccc1F)N1CCN(C(=O)C2CC2)CC1,9.05
CHEMBL5179574,O=C(/C=C/c1ccc(CCCCCCc2n[nH]c(=O)c3cc(F)ccc23)cc1)NO,8.15
CHEMBL5632938,NC(=O)c1cccc2[nH]c(NC(=O)c3cccc(C(=O)N4CCC(Nc5ncc(F)cn5)CC4)c3)nc12,7.15
CHEMBL5632389,NC(=O)c1cccc2[nH]c(NC(=O)c3cccc(C(=O)N4CCC(Nc5ncc(C(F)(F)F)cn5)CC4)c3)nc12,6.78
CHEMBL3617778,CCCCNCc1ccc(-c2cc3c4c(c[nH]c4c2)C(=O)NNC3=O)cc1,7.45
CHEMBL3617777,CC(C)NCc1ccc(-c2cc3c4c(c[nH]c4c2)C(=O)NNC3=O)cc1,6.33
CHEMBL5432860,CCC(C)N1CCN(C(=O)c2cc(Cn3c(=O)[nH]c(=O)c4ccccc43)ccc2F)CC1=O,8.43
CHEMBL5404171,CCC(C)CN1CCN(C(=O)c2cc(Cn3c(=O)[nH]c(=O)c4ccccc43)ccc2F)CC1=O,8.52
CHEMBL5437813,O=C1CN(C(=O)c2cc(Cn3c(=O)[nH]c(=O)c4ccccc43)ccc2F)CCN1CCC1CC1,8.68
CHEMBL5418896,O=C1CN(C(=O)c2cc(Cn3c(=O)[nH]c(=O)c4ccccc43)ccc2F)CCN1Cc1ccccc1,8.6
CHEMBL5414478,O=C(c1cc(Cn2c(=O)[nH]c(=O)c3ccccc32)ccc1F)N1CC(=O)N2CCCCC2C1,8.01
CHEMBL3765269,Cc1cccc2c(=O)[nH]c(-c3ccc(CN4CCC(N(C)C)CC4)cc3)cc12,6.33
CHEMBL1173055,CNCc1ccc(-c2[nH]c3cc(F)cc4c3c2CCNC4=O)cc1,9.1
CHEMBL521686,O=C(c1cc(Cc2n[nH]c(=O)c3ccccc23)ccc1F)N1CCN(C(=O)C2CC2)CC1,8.68
CHEMBL5079003,CC[C@H]1CN(C(=O)c2cc(Cn3c(=O)[nH]c(=O)c4ccccc43)ccc2F)CCN1CC(F)(F)F,7.22
CHEMBL372778,O=C(c1cccc(Cc2nnc(O)c3ccccc23)c1)N1CCCN(S(=O)(=O)c2ccc(-c3ccccc3)cc2)CC1,8.22
CHEMBL382744,O=C(c1cccc(Cc2nnc(O)c3ccccc23)c1)N1CCCN(S(=O)(=O)c2cccc(C(F)(F)F)c2)CC1,8.1
CHEMBL382950,COc1ccc(-n2cc(C(=O)Nc3cccc(Cc4nnc(O)c5ccccc45)c3)c(C)n2)cc1,8
CHEMBL380648,O=C(c1cc(Cc2n[nH]c(=O)c3ccccc23)ccc1F)N1CCCNCC1,8.15
CHEMBL495484,O=C(c1cccc(Cc2n[nH]c(=O)c3ccccc23)c1)N1CCCN(C(=O)N2CCOCC2)CC1,7.7
CHEMBL522885,CCS(=O)(=O)N1CCCN(C(=O)c2cccc(Cc3n[nH]c(=O)c4ccccc34)c2)CC1,7.64
CHEMBL521686,O=C(c1cc(Cc2n[nH]c(=O)c3ccccc23)ccc1F)N1CCN(C(=O)C2CC2)CC1,8.15
CHEMBL4874589,CCc1cc2cnc(CN3CCN(c4ccc(C(=O)NC)nc4)CC3)cc2[nH]c1=O,8.52
CHEMBL3763531,Cc1ccc(C2c3n[nH]c(=O)c4cccc(c34)NC2c2ccc(CN(C)C)cc2)cc1,8.71
CHEMBL3763963,Cn1ccnc1C1c2n[nH]c(=O)c3cccc(c23)NC1c1ccc(C(F)(F)F)cc1,8.28
CHEMBL497591,Cn1nc(-c2ccccc2)c2c3c(c(=O)[nH]c21)CSC3,6.96
CHEMBL147552,O=c1cc(-c2cccc(O)c2)oc2ccccc12,5.61
CHEMBL147552,O=c1cc(-c2cccc(O)c2)oc2ccccc12,5.62
CHEMBL3605978,NC(=O)c1cccc2c1C(=O)N(CCCN1CCCCC1)C2,6.7
CHEMBL3605996,Cc1ccccc1CN1CCC(N2Cc3cccc(C(N)=O)c3C2=O)CC1,5.96
CHEMBL3605997,Cc1cccc(CN2CCC(N3Cc4cccc(C(N)=O)c4C3=O)CC2)c1,5
CHEMBL3137320,Cn1ncnc1[C@H]1c2n[nH]c(=O)c3cc(F)cc(c23)N[C@@H]1c1ccc(F)cc1,8.96
CHEMBL521686,O=C(c1cc(Cc2n[nH]c(=O)c3ccccc23)ccc1F)N1CCN(C(=O)C2CC2)CC1,7.47
CHEMBL5441085,Cc1cc(C)n(S(=O)(=O)c2ccc3[nH]c(=O)c(=O)[nH]c3c2)n1,8.52
CHEMBL4063888,CCc1ccc(Cn2cc(/C=C3\SC(=O)NC3=O)c3ccccc32)cc1,5.81
CHEMBL4090218,O=C1NC(=O)/C(=C/c2cn(Cc3ccc(F)cc3)c3ccccc23)S1,5.3
CHEMBL493499,CCS(=O)(=O)N1CCN(C(=O)c2cc(Cc3n[nH]c(=O)c4ccccc34)ccc2F)CC1,8.1
CHEMBL4588170,Cc1cccc2c(=O)[nH]c(-c3ccc(C(C)(C)O)cc3)nc12,7.1
CHEMBL4277920,CC(C)CC1NCCc2cc(-c3nc4c(C(N)=O)cc(F)cc4n3C)sc21,7.7
CHEMBL4077094,O=c1[nH]c(-c2ccc3c(c2)OCO3)nc2ccccc12,5.77
CHEMBL245559,O=C1NC(=O)c2c1c1c(c3[nH]c4ccc(-c5csc(CNC6O[C@H](CO)[C@@H](O)[C@H](O)[C@H]6O)n5)cc4c23)CCC1,7.77
CHEMBL397532,CCCC(=O)NCc1nc(-c2ccc3[nH]c4c5c(c6c(c4c3c2)C(=O)NC6=O)CCC5)cs1,7.38
CHEMBL397399,CC(C)(C)OC(=O)Cc1nc(-c2ccc3[nH]c4c5c(c6c(c4c3c2)C(=O)NC6=O)CCC5)cs1,7.54
CHEMBL391403,CS(=O)(=O)NCc1nc(-c2ccc3[nH]c4c5c(c6c(c4c3c2)C(=O)NC6=O)CCC5)cs1,7.75
CHEMBL246192,Cc1nc(-c2ccc3[nH]c4c5c(c6c(c4c3c2)C(=O)NC6=O)CCC5)c(Br)s1,7.08
CHEMBL246190,Cc1nc(-c2ccc3[nH]c4c5c(c6c(c4c3c2)C(=O)NC6=O)CCC5)cs1,7.4
CHEMBL245989,O=C(CBr)c1ccc2[nH]c3c4c(c5c(c3c2c1)C(=O)NC5=O)CCC4,7.89
CHEMBL395864,CC(=O)c1ccc2[nH]c3c4c(c5c(c3c2c1)C(=O)NC5=O)CCC4,7.77
CHEMBL3663657,NC(=O)c1cccc2[nH]n(C3CCN(Cc4ccco4)CC3)c(=O)c12,6.64
CHEMBL481511,N#Cc1ccc(C2=CCN(CCCc3nc4c(Cl)cccc4c(=O)[nH]3)CC2)cc1,8.52
CHEMBL5195580,CCc1cc2ccc(CN3CCN(c4cnc(C(=O)NC)cn4)CC3)cc2[nH]c1=O,7.54
CHEMBL5202060,CCc1cc2ccc(CN3CCN(c4ccc(C(=O)NC)nn4)CC3)cc2[nH]c1=O,8.4
CHEMBL473036,Nc1ncnc2c1ncn2[C@@H]1O[C@H](COCNC(=O)CCC(=O)Nc2cccc3c2CNC3=O)[C@@H](O)[C@H]1O,7
CHEMBL194482,O=c1[nH]c2ccc(CCCN3CC=C(c4ccccc4)CC3)cc2c2ccccc12,6.92
CHEMBL322268,O=C(CCn1c2c(c(=O)[nH]c1=O)CCCC2)NCC(=O)N1CCN(c2ccccc2)CC1,6.7
CHEMBL480039,O=C(CCn1c2c(c(=O)[nH]c1=O)CSCC2)NCC(=O)c1ccc(-c2ccnnc2)cc1,7.6
CHEMBL521428,NC(=O)c1cccc2ncc(-c3ccc(C(F)(F)F)cc3)nc12,6.93
CHEMBL4518901,COc1cc(-c2nn[nH]n2)ccc1/C=C1\Oc2c(C(N)=O)cccc2C1=O,7.33
CHEMBL4473851,NC(=O)c1cccc2c1O/C(=C\c1ccc(C(=O)NC3CCN(c4ncccn4)CC3)cc1)C2=O,6.95
CHEMBL4575227,NC(=O)c1cccc2c1O/C(=C\c1ccc(C(=O)N3CCn4c(nnc4C4CC4)C3)cc1)C2=O,7.57
CHEMBL4450747,NC(=O)c1cccc2c1O/C(=C\c1ccc(C(=O)N3CCn4c(CC5CC5)nnc4C3)cc1)C2=O,7.33
CHEMBL4566814,CC(C)(O)c1ccc(-c2nc3ccc(Cl)cc3c(=O)[nH]2)cc1,5.85
CHEMBL4857326,CCOc1ncc(C(N)=O)c2nc(C3CCN(C(=O)c4cc(Cc5n[nH]c(=O)c6ccccc56)ccc4F)CC3)[nH]c12,8.77
CHEMBL3696944,O=C(O)c1ccc2c(c1)[nH]c(=O)c1ccncc12,6
CHEMBL4291992,Cn1c(-c2cc3c(s2)C(C(C)(C)C)NCC3)nc2c(C(N)=O)cc(F)cc21,6.82
CHEMBL4279065,CC(C)(C)C1NCCc2cc(-c3nc4c(C(N)=O)cc(F)cc4[nH]3)sc21,7.6
CHEMBL4278820,CCN1CCc2sc(-c3nc4c(C(N)=O)cccc4[nH]3)cc2C1,7.05
CHEMBL4215731,Cc1cc(-c2nnc(CNC(=O)c3ccccc3)o2)c2[nH]c(=O)c3ccccc3c(=O)c2c1,6.52
CHEMBL4851402,CNC(=O)c1ccc(N2CCN(Cc3cc4[nH]c(=O)c(CCF)cc4cn3)CC2)cn1,8.7
CHEMBL4864125,O=c1cc(-c2cccc(-c3c(O)cc(O)c4c(=O)cc(-c5ccc(F)cc5)oc34)c2)oc2cc(O)cc(O)c12,6.75
CHEMBL5417544,NC(=O)c1ccccc1NCc1cccc(NC(=O)Nc2cccc(Br)c2)c1,8.29
CHEMBL5407016,NC(=O)c1ccccc1OCc1cccc(NC(=O)Nc2cccc(Br)c2)c1,8.22
CHEMBL5985204,COc1cc(C#N)ccc1N1CCN(Cc2cc(F)c3c4c(c(=O)[nH]c3c2)CCCN4)CC1,7.93
CHEMBL5761476,N#Cc1ccc(N2CCN(C(=O)c3ccc4c5c(c(=O)[nH]c4c3)CCCN5)CC2)nc1,8.23
CHEMBL5949345,CCNC(=O)c1ccc(N2CCN(Cc3ccc4c5c(c(=O)[nH]c4c3)CCCN5)CC2)cc1F,8.15
CHEMBL6002731,CC(=O)Nc1cnc(N2CCN(c3nc4c(C(N)=O)cccc4[nH]3)CC2)nc1,6.97
CHEMBL6032502,N#Cc1cnc(N2CCN(c3nc4c(C(N)=O)cccc4[nH]3)CC2)nc1,7.55
CHEMBL5911383,CN(C)C(=O)c1ccc(N2CCN(c3nc4c(C(N)=O)cc(F)cc4[nH]3)CC2)nc1,7.52
CHEMBL5941393,NC(=O)c1cc(F)cc2[nH]c(N3CCN(c4cnc(C(=O)N5CCCC5)cn4)CC3)nc12,7.92
CHEMBL5080640,C[C@@H]1CN(C(=O)c2cc(Cn3c(=O)[nH]c(=O)c4ccccc43)ccc2F)CCN1CC1CC1,8.35
CHEMBL5080395,C/C=C/CN1CCN(C(=O)c2cc(Cn3c(=O)[nH]c(=O)c4ccccc43)ccc2F)C[C@H]1C,7.84
CHEMBL5089572,CC(C)=CCN1CCN(C(=O)c2cc(Cn3c(=O)[nH]c(=O)c4ccccc43)ccc2F)C[C@H]1C,7.52
CHEMBL5090532,CCCN1CCN(C(=O)c2cc(Cn3c(=O)[nH]c(=O)c4ccccc43)ccc2F)C[C@@H]1CC,7.56
CHEMBL5074757,CC[C@@H]1CN(C(=O)c2cc(Cn3c(=O)[nH]c(=O)c4ccccc43)ccc2F)CCN1C(C)C,7.44
CHEMBL5083950,CC[C@@H]1CN(C(=O)c2cc(Cn3c(=O)[nH]c(=O)c4ccccc43)ccc2F)CCN1CC1CC1,8.88
CHEMBL5075095,CC[C@@H]1CN(C(=O)c2cc(Cn3c(=O)[nH]c(=O)c4ccccc43)ccc2F)CCN1C(=O)C1CC1,7.87
CHEMBL5922656,CN1CCCc2c1nc(N1CCN(Cc3ncc(C(F)(F)F)cn3)CC1)[nH]c2=O,5.16
CHEMBL5575335,NC(=O)c1cccc2[nH]c(-c3ccc(NCc4ccc(C(=O)Nc5ccccc5N)cc4)cc3)nc12,10.66
CHEMBL5639746,O=C1Nc2ccc(F)cc2/C1=C1/Nc2ccccc2/C1=N\OCCCC(=O)N1CCN(C(=O)c2cc(Cc3n[nH]c(=O)c4ccccc34)ccc2F)CC1,8.65
CHEMBL5762886,Cc1noc2ccc(N3CCN(Cc4ccc5c6c(c(=O)[nH]c5c4)CCCN6)CC3)cc12,8.12
CHEMBL6055997,N#Cc1ccc(N2C[C@@H]3C[C@H]2CN3Cc2ccc3c4c(c(=O)[nH]c3c2)CCCN4)c(F)c1,8.03
CHEMBL5954411,O=c1[nH]c2cc(CN3CCN(c4ccccn4)CC3)cc(F)c2c2c1CCCN2,8.14
CHEMBL4528755,COc1c(Cl)c(O)c(Cl)c(C)c1-c1cc(O)c(Cl)c2cc3c(c(O)c12)C(=O)c1c(O)c(Cl)c(O)c(Cl)c1C3(C)C,5.74
CHEMBL4473832,COc1cc(O)c(Cl)c(C)c1-c1cc(O)c(Br)c2cc3c(c(O)c12)C(=O)c1c(O)cc(O)cc1C3(C)C,5.34
CHEMBL4208288,COc1ccccc1/C=C/c1nnc(-c2cc(C)cc3c(=O)c4ccccc4c(=O)[nH]c23)o1,6.83
CHEMBL4206230,O=C(NCc1nnc(-c2cccc3c(=O)c4ccccc4c(=O)[nH]c23)o1)c1ccccc1,5.9
CHEMBL5397810,Cc1c2ccc(N(C)c3ccnc(Nc4ccc(C(=O)Nc5nc6c(C(N)=O)cccc6[nH]5)c(C(F)(F)F)c4)n3)cc2nn1C,6.46
CHEMBL5763181,O=C(CCCc1nc2ccccc2c(=O)[nH]1)N1CCC(c2nnc(-c3ccc(Cl)cc3)o2)CC1,5.62
CHEMBL5751538,Cc1ccc2[nH]c(=O)n(C3CCN(C(=O)CCCc4nc5ccccc5c(=O)[nH]4)CC3)c2c1,5.71
CHEMBL5805933,N#Cc1ccc(-c2nnc(C3CCN(C(=O)CCCc4nc5ccccc5c(=O)[nH]4)CC3)o2)cc1,5.69
CHEMBL3975515,NCCOc1c(-c2ccc(F)c(F)c2)[nH]c(=O)c2cc(F)ccc12,6.89
CHEMBL5205994,COc1cc(OC)c2c(=O)[nH]c(-c3ccc(OCCOc4ccccc4C(N)=O)cc3)nc2c1,5.34
CHEMBL127066,Oc1nc(-c2ccccc2)nc2ccccc12,5.54
CHEMBL4461392,O=C(c1cc(Cc2n[nH]c(=O)c3ccccc23)ccc1F)N1CCN(c2nc(-c3cccc4[nH]ncc34)nc(N3CCOCC3)n2)CC1,9.36
CHEMBL4541731,Nc1cc(C(F)(F)F)c(-c2nc(N3CCOCC3)nc(N3CCN(C(=O)c4cc(Cc5n[nH]c(=O)c6ccccc56)ccc4F)CC3)n2)cn1,8.02
CHEMBL521686,O=C(c1cc(Cc2n[nH]c(=O)c3ccccc23)ccc1F)N1CCN(C(=O)C2CC2)CC1,8.1
CHEMBL4461382,Nc1ncc(-c2nc(N3CCOCC3)nc(N3CCN(C(=O)c4cc(Cc5n[nH]c(=O)c6ccccc56)ccc4F)CC3)n2)cn1,9.08
CHEMBL4438741,Nc1ncc(-c2nc3c(c(N4CCOCC4)n2)CCN(C(=O)c2cc(Cc4n[nH]c(=O)c5ccccc45)ccc2F)C3)cn1,8.59
CHEMBL5077940,CC[C@@H]1C(=O)N(C)c2cnc(Nc3ccc(-c4nc5c(C(N)=O)cccc5[nH]4)cc3OC)nc2N1Cc1ccccc1,6.34
CHEMBL5084388,CC[C@@H]1C(=O)N(C)c2cnc(N(C)c3ccc(-c4nc5c(C(N)=O)cccc5[nH]4)cc3OC)nc2N1C1CCCC1,7.89
CHEMBL5071405,CC[C@@H]1C(=O)N(C)c2cnc(Nc3ccc(CC(=O)NCc4nc5c(C(N)=O)cccc5[nH]4)cc3OC)nc2N1C1CCCC1,6.3
CHEMBL5852919,O=C(c1cc(Cc2n[nH]c(=O)c3ccccc23)ccc1F)N1CCN(c2cc3nc[nH]c3cn2)CC1,8.52
CHEMBL521686,O=C(c1cc(Cc2n[nH]c(=O)c3ccccc23)ccc1F)N1CCN(C(=O)C2CC2)CC1,7.96
CHEMBL5175745,Cc1noc(C)c1-c1ccc2c(c1)C(c1ccccc1)N(CC(=O)N[C@@H](C)c1nc3c(C(N)=O)cccc3[nH]1)C(=O)N2,7.28
CHEMBL5207585,Cc1noc(C)c1-c1ccc2c(c1)C(c1ccccc1)N(CC(=O)NC(c1nc3c(C(N)=O)cccc3[nH]1)C(C)C)C(=O)N2,6.49
CHEMBL5424406,Cc1cnc(Nc2ccc(-c3nc4c(C(N)=O)cccc4[nH]3)cc2)nc1N(C)c1ccc2c(C)n(C)nc2c1,6.96
CHEMBL5394860,Cc1c2ccc(N(C)c3ccnc(Nc4cc5cc(-c6nc7c(C(N)=O)cccc7[nH]6)ccc5s4)n3)cc2nn1C,6.43
CHEMBL3644579,O=C(c1ccccc1C(F)(F)F)N1CCCN(CC2=Nc3cccc4c(=O)[nH]nc(c34)N2)CC1,7.37
CHEMBL4172321,CCCCN1CCN(C(=O)c2cc(Cc3n[nH]c(=O)c4ccccc34)cc(F)c2F)CC1,8.68
CHEMBL4176518,O=C(c1cc(Cc2n[nH]c(=O)c3ccccc23)cc(F)c1F)N1CCN(CC2CC2)CC1,8.01
CHEMBL4170665,O=C(c1cc(Cc2n[nH]c(=O)c3ccccc23)cc(F)c1F)N1CCN(c2ccccn2)CC1,10
CHEMBL4177196,O=C(c1cc(Cc2n[nH]c(=O)c3ccccc23)cc(F)c1F)N1CCN(c2ncccn2)CC1,8.54
CHEMBL4160600,O=C(c1cc(Cc2n[nH]c(=O)c3ccccc23)cc(F)c1F)N1CCN(c2nccc(Br)n2)CC1,6.96
CHEMBL506871,C[C@]1(c2nc3c(C(N)=O)cccc3[nH]2)CCCN1,7.45
CHEMBL3105408,C=CCN1CCCC(C(=O)N2CCN(C(=O)CCc3nc4ccccc4c(=O)[nH]3)CC2)C1,6.66
CHEMBL45245,O=c1[nH]c2ccccc2c2ccccc12,6.28
CHEMBL3290476,NC(=O)c1cccc2c1O/C(=C\c1ccc(O)c(O)c1)C2=O,6.28
CHEMBL3291334,Cc1c(C(=O)NCCN2CCN(C)CC2)sc2c1[nH]c(=O)c1ccccc12,6.55
CHEMBL4288557,CN1CCc2cc(-c3nc4c(C(N)=O)cc(F)cc4[nH]3)sc2C1,7.66
CHEMBL3663637,NC(=O)c1cccc2[nH]n(C3CCN(C4CCCC4)CC3)c(=O)c12,6.62
CHEMBL3663639,NC(=O)c1cccc2[nH]n(C3CCN(C4CCC(F)(F)CC4)CC3)c(=O)c12,6.82
CHEMBL3663645,CC(C)N1CCC(n2c(=O)c3c(C(N)=O)cccc3n2C)CC1,6.89
CHEMBL5837371,O=c1[nH]nc2c3c(cccc13)N=C1CNCCN12,7.04
CHEMBL5435531,CC1=CSC(NNS(=O)(=O)c2ccc3[nH]c(=O)c(=O)[nH]c3c2)N1C(=O)c1ccccc1,8.2
CHEMBL48138,O=C([O-])c1ccc2c(c1)nc(O)c1ccccc12.[Na+],7.24
CHEMBL47840,Nc1ccc2c(c1)nc(O)c1cc(N)ccc12,5.49
CHEMBL4863798,CC(=O)N1CCN(Cc2c(O)cc(O)c3c(=O)cc(-c4ccc(O)cc4)oc23)CC1,7.37
CHEMBL108968,O=C(CCn1c2c(c(=O)[nH]c1=O)CSCC2)NCC(=O)c1ccc(OC(=O)c2ccccc2)cc1,7.52
CHEMBL5744891,COc1ccc(-c2nnc([C@H]3CC[C@H](NC(=O)CCCc4nc5ccccc5c(=O)[nH]4)CC3)o2)cc1,5.97
CHEMBL5853977,COc1cccc(-c2nnc([C@H]3CC[C@H](NC(=O)CCCc4nc5ccccc5c(=O)[nH]4)CC3)o2)c1,6.1
CHEMBL5083420,CC[C@@H]1C(=O)N(C)c2cnc(Nc3ccc(-c4nc5c(C(N)=O)cccc5[nH]4)cc3OC)nc2N1Cc1ccc(C)s1,6.47
CHEMBL5085883,CC[C@@H]1C(=O)N(C)c2cnc(Nc3ccc(Cc4nc5c(C(N)=O)cccc5[nH]4)cc3OC)nc2N1C1CCCC1,6.45
CHEMBL5094572,CC[C@@H]1C(=O)N(C)c2cnc(Nc3ccc(C(=O)NCc4nc5c(C(N)=O)cccc5[nH]4)cc3OC)nc2N1C1CCCC1,6.47
CHEMBL4159134,Cc1ccc(C(=O)N2CCN(C(=O)c3cc(Cc4n[nH]c(=O)c5ccccc45)cc(F)c3F)CC2)cc1,7.54
CHEMBL4162463,O=C(c1cc(Cc2n[nH]c(=O)c3ccccc23)cc(F)c1F)N1CCN(C2CCCCCC2)CC1,9.1
CHEMBL4162862,O=C(c1cc(Cc2n[nH]c(=O)c3ccccc23)cc(F)c1F)N1CCN(c2ccc(Br)cc2)CC1,7.08
CHEMBL4169012,N#Cc1ccccc1N1CCN(C(=O)c2cc(Cc3n[nH]c(=O)c4ccccc34)cc(F)c2F)CC1,10.7
CHEMBL4165586,COc1ccc(N2CCN(C(=O)c3cc(Cc4n[nH]c(=O)c5ccccc45)cc(F)c3F)CC2)cc1,6.95
CHEMBL3137320,Cn1ncnc1[C@H]1c2n[nH]c(=O)c3cc(F)cc(c23)N[C@@H]1c1ccc(F)cc1,8.14
CHEMBL4167157,COc1ccc2nc3ccccc3c(Nc3ccccc3-c3nc4c(C(N)=O)cccc4[nH]3)c2c1,5.77
CHEMBL4091699,CC(C)(C)OC(=O)N1CCC(N2CCCC(NC(=O)c3nc4c(C(N)=O)cccc4[nH]3)C2)CC1,6.09
CHEMBL4070826,NC(=O)c1cccc2[nH]c(C(=O)NC3CCCNC3)nc12,6.7
CHEMBL506871,C[C@]1(c2nc3c(C(N)=O)cccc3[nH]2)CCCN1,6.88
CHEMBL4060779,CC(C)N1CCC(NC(=O)c2nc3c(C(N)=O)cccc3[nH]2)CC1,7.19
CHEMBL4062157,CC(C)CCN1CCC(NC(=O)c2nc3c(C(N)=O)cccc3[nH]2)CC1,6.96
CHEMBL4076845,CC(C)(C)CN1CCC(NC(=O)c2nc3c(C(N)=O)cc(F)cc3[nH]2)CC1,7.77
CHEMBL4091897,NC(=O)c1cccc2[nH]c(C(=O)N3CCC(N)C3)nc12,7.82
CHEMBL4748390,N#Cc1ccc(N2CCN(CCCc3cc4c(N)cc(F)cc4c(=O)[nH]3)CC2)cc1,9.22
CHEMBL599803,CNC1(C(=O)N2CCN(C(=O)c3cc(Cc4n[nH]c(=O)c(C)c4C)ccc3F)CC2)CC1,8.44
CHEMBL591528,Cc1c(Cc2ccc(F)c(C(=O)N3CCN(C(=O)C4(N(C)C)CC4)CC3)c2)n[nH]c(=O)c1C,8.24
CHEMBL597927,Cc1c(Cc2ccc(F)c(C(=O)N3CCN(C(=O)[C@@]4(C)CCCN4)CC3)c2)n[nH]c(=O)c1C,8.89
CHEMBL599167,Cc1c(Cc2ccc(F)c(C(=O)N3CCN(C(=O)[C@@H]4CCCN4)CC3)c2)n[nH]c(=O)c1C,8.51
CHEMBL6063338,Cc1cc(CN2CCN(c3ncc(F)cn3)CC2)cc2[nH]c(=O)c3c(c12)NCCC3,7.55
CHEMBL5882222,Cc1cc(CN2CCN(c3ncc(Cl)cc3F)CC2)cc2[nH]c(=O)c3c(c12)NCCC3,6.94
CHEMBL5941649,CNC(=O)c1ccc(N2CCN(Cc3cc(C)c4c5c(c(=O)[nH]c4c3)CCCN5)CC2)nc1,7.74
CHEMBL5988553,Cc1cc(CN2CCN(c3ccc(C#N)cc3)CC2)cc2[nH]c(=O)c3c(c12)NCCC3,7.42
CHEMBL506871,C[C@]1(c2nc3c(C(N)=O)cccc3[nH]2)CCCN1,6.45
CHEMBL1086580,Oc1nc(-c2ccc(C(F)(F)F)cc2)nc2c1CSCC2,7.13
CHEMBL3907010,CC1CN(C(=O)c2cc(Cc3n[nH]c(=O)c4ccccc34)ccc2F)Cc2nnc(C(F)(F)F)n21,8.4
CHEMBL5632340,CC1CN(C(=O)c2cc(Cc3n[nH]c(=O)c4ccccc34)ccc2F)Cc2nnc(C3CC3)n21,8.49
CHEMBL5619354,CNC(=O)c1ccc(N2CCN(Cc3ccc4c(c3)[nH]c(=O)n3cccc43)CC2)c(F)n1,9.37
CHEMBL4209030,COc1ccc(Cl)cc1/C=C/c1nnc(-c2cccc3c(=O)c4ccccc4c(=O)[nH]c23)o1,5.9
CHEMBL5867658,O=C(CCCc1nc2ccccc2c(=O)[nH]1)N1CCC(c2nnc(-c3cccc(F)c3)o2)CC1,5.42
CHEMBL5841747,COc1ccc2c(c1)[nH]c(=O)n2C1CCN(C(=O)CCCc2nc3ccccc3c(=O)[nH]2)CC1,5.75
CHEMBL5986123,O=C(CCCc1nc2ccccc2c(=O)[nH]1)N1CCC(c2nnc(-c3ccccn3)o2)CC1,5.2
CHEMBL5868511,O=C(CCCc1nc2ccccc2c(=O)[nH]1)N[C@H]1CC[C@H](c2nnc(-c3cccc(Cl)c3)o2)CC1,5.94
CHEMBL6061892,O=C(CCCc1nc2ccccc2c(=O)[nH]1)N1CCC(n2c(=O)oc3ccccc32)CC1,5.12
CHEMBL6020543,O=C(CCCc1nc2ccccc2c(=O)[nH]1)N1CC=C(n2c(=O)[nH]c3ccccc32)CC1,5.69
CHEMBL5791310,O=C(CCCc1nc2ccccc2c(=O)[nH]1)N1CCC(n2c(=O)sc3ccccc32)CC1,4.97
CHEMBL6007787,O=C(CCCc1nc2ccccc2c(=O)[nH]1)N1CCC(n2c(=O)oc3cc(F)ccc32)CC1,5.59
CHEMBL3933931,COc1ccc(C(=O)C2CCN(CC(=O)NCc3nc4c(c(=O)[nH]3)CCCC4)CC2)cc1,5.97
CHEMBL3895107,O=C(c1cc(Oc2n[nH]c(=O)c3ccccc23)ccc1F)N1CCN(C(=O)C2CCC(F)(F)CC2)CC1,7.89
CHEMBL5839578,Cc1cc(CN2CCN(c3ccc(C(=O)NC4CC4)cc3Cl)CC2)cc2[nH]c(=O)c3c(c12)NCCC3,7.5
CHEMBL5949037,CCC(=O)Nc1ccc(N2CCN(Cc3ccc4c5c(c(=O)[nH]c4c3)CCCN5)CC2)c(F)c1,8.32
CHEMBL5396940,CN(c1ccc(NC(=O)OC(C)(C)C)cc1)c1ccnc(Nc2ccc(-c3nc4c(C(N)=O)cccc4[nH]3)cc2)n1,6.89
CHEMBL4462563,NC(=O)c1cccc2c1O/C(=C\c1ccc(-c3nn[nH]n3)c(F)c1)C2=O,7.25
CHEMBL4592442,NC(=O)c1cccc2c1O/C(=C\c1ccc(C(=O)O)cc1)C2=O,7.17
CHEMBL5990060,Cc1ccc(N2CCN(Cc3ccc4c5c(c(=O)[nH]c4c3)CCCN5)CC2)nn1,7.76
CHEMBL5822783,N#Cc1cnc(N2CCN(Cc3ccc4c5c(c(=O)[nH]c4c3)CCCN5)CC2)cc1Cl,8.44
CHEMBL5791659,N#Cc1ccc(N2CCN(Cc3cc(CO)c4c5c(c(=O)[nH]c4c3)CCCN5)CC2)c(F)c1,7.2
CHEMBL5921125,O=c1[nH]c2cc(CN3CCN(c4ccc(F)cc4)CC3)ccc2c2c1CCCN2,8.19
CHEMBL4546114,O=C(c1cc(Cc2n[nH]c(=O)c3ccccc23)ccc1F)N1CC2C(=O)N(Cc3ccccc3)C(=O)C2C1,9.3
CHEMBL5972554,NC(=O)c1cccc2[nH]c(N3CCN(c4ncc(F)cn4)CC3)nc12,7.31
CHEMBL5745185,NC(=O)c1cc(F)cc2[nH]c(N3CCN(c4ccncn4)CC3)nc12,8.05
CHEMBL3959368,O=C(c1cc(Oc2n[nH]c(=O)c3ccccc23)ccc1F)N1CCN(C(=O)c2ccccc2[N+](=O)[O-])CC1,7.82
CHEMBL363307,Cc1nc(O)c2c(Cl)cccc2n1,5.92
CHEMBL1094636,NC(=O)c1cccc2cn(-c3ccc([C@@H]4CCCNC4)cc3)nc12,8.42
CHEMBL5870245,Cc1nc2nc(N3CCN(C(=O)c4cc(Cc5n[nH]c(=O)c6ccccc56)ccc4F)CC3)ccc2[nH]1,8.05
CHEMBL5802702,CN1CCCc2c1nc(N1CCN(Cc3ncccc3Cl)CC1)[nH]c2=O,6.04
CHEMBL5815006,O=C(CCSCc1nc2ccccc2c(=O)[nH]1)N[C@H]1CC[C@H](c2nnc(-c3ccccc3)o2)CC1,5.64
CHEMBL5974347,Cc1cccnc1CN1CCN(c2nc3c(c(=O)[nH]2)CCCN3C)CC1,4.67
CHEMBL5991161,Cc1nccnc1CN1CCN(c2nc3c(c(=O)[nH]2)CCCN3C)CC1,5.23
CHEMBL5756581,N#Cc1ccc(N2CCN(Cc3ccc4c5c(c(=O)[nH]c4c3)CCCN5)CC2)nn1,8.44
CHEMBL5632868,CC1CN(C(=O)c2cc(Cc3n[nH]c(=O)c4ccccc34)ccc2F)Cc2nnc(CO)n21,8.04
CHEMBL5923633,CC(C)[C@H](CC(=O)N1CCC(C(=O)c2cnn(C)c2)CC1)Cc1nc2ccccc2c(=O)[nH]1,4.68
CHEMBL5201927,CCc1cc2ncc(CN3CCN(c4cc5c(cn4)NC(=O)CC5)CC3)cc2[nH]c1=O,8.27
CHEMBL5176626,CCc1cc2ncc(CN3CCc4nc(C(=O)NC)ccc4C3)cc2[nH]c1=O,6.46
CHEMBL5205409,CCc1cc2ncc(CN3CC4CCC(C3)N4c3ccc(C(=O)NC)nc3)cc2[nH]c1=O,7.39
CHEMBL5202261,CCc1cc2ncc(CN3CCC(Nc4ccc(C(=O)NC)nc4)CC3)cc2[nH]c1=O,8.47
CHEMBL5791607,COc1ccccc1CN1CCN(c2nc3c(c(=O)[nH]2)CCCN3C)CC1,5.22
CHEMBL521686,O=C(c1cc(Cc2n[nH]c(=O)c3ccccc23)ccc1F)N1CCN(C(=O)C2CC2)CC1,8.13
CHEMBL5632172,CC1c2ccccc2CCN1C(=O)c1cc(Cc2n[nH]c(=O)c3ccccc23)ccc1F,7.37
CHEMBL5634039,CC1c2cc(F)ccc2CCN1C(=O)c1cc(Cc2n[nH]c(=O)c3ccccc23)ccc1F,7.15
CHEMBL3936349,CC1CN(C(=O)c2cc(Cc3n[nH]c(=O)c4ccccc34)ccc2F)Cc2nnc(CF)n21,7.92
CHEMBL5632420,CC1CN(C(=O)c2cc(Cc3n[nH]c(=O)c4ccccc34)ccc2F)Cc2nnc(-c3cccs3)n21,9.15
CHEMBL5632854,CC1CN(C(=O)c2cc(Cc3n[nH]c(=O)c4ccccc34)ccc2F)Cc2nnc(-c3ccsc3)n21,8.7
CHEMBL5633556,CC1CN(C(=O)c2cc(Cc3ccc(=O)[nH]n3)ccc2F)Cc2nnc(-c3ccccn3)n21,6.02
CHEMBL5563902,Cc1ccoc1C(=O)N1CCN(C(=O)c2ccc(-c3nc4c(C(N)=O)cccc4[nH]3)cc2F)CC1C,8.29
CHEMBL5892070,O=C(CCCc1nc2ccccc2c(=O)[nH]1)N1CCN(c2noc3ccccc23)CC1,6
CHEMBL6013310,N#Cc1ccc(O[C@H]2CC[C@H](NC(=O)CCCc3nc4ccccc4c(=O)[nH]3)CC2)cc1,6.25
CHEMBL5883691,O=C(CCSc1nc2ccccc2c(=O)[nH]1)N1CCC(n2c(=O)[nH]c3cc(Cl)ccc32)CC1,5.83
CHEMBL3110112,O=C(CCc1nc2c(c(=O)[nH]1)CCCN2)N[C@H]1CC[C@H](c2nnc(-c3ccccc3)o2)CC1,5.46
CHEMBL5782188,O=C(CCc1nc2ccccc2c(=O)[nH]1)N1CCC(c2nnc(-c3ccccc3)o2)CC1,5.46
CHEMBL6046309,O=C(CCc1nc2ccccc2c(=O)[nH]1)N[C@H]1CC[C@H](c2nnc(-c3ccc(F)cc3)o2)CC1,5.71
CHEMBL365235,Oc1nc(CCCN2CC=C(c3ccccc3)CC2)nc2cccc(F)c12,7.8
CHEMBL186186,Oc1nc(CCCN2CC=C(c3ccccc3)CC2)nc2ccc(Cl)cc12,7.57
CHEMBL249813,O=c1[nH]c(CCCN2CCC(c3ccccc3)CC2)nc2ccccc12,7.34
CHEMBL188949,Oc1nc(CCCN2CCCCC2)nc2ccccc12,5.96
CHEMBL251028,O=c1[nH]c(CCCN2CC=C(c3ccc(Cl)cc3)CC2)nc2ccccc12,7.64
CHEMBL4851728,O=C(c1ccccc1)N1CCN(Cc2c(O)cc(O)c3c(=O)cc(-c4ccc(O)cc4)oc23)CC1,7.29
CHEMBL203884,CN(CCc1c[nH]cn1)C(=O)c1ccc2[nH]c3c4c(c5c(c3c2c1)CNC5=O)CCC4,6.79
CHEMBL202848,CN(Cc1ccccn1)C(=O)c1ccc2[nH]c3c4c(c5c(c3c2c1)CNC5=O)CCC4,6.62
CHEMBL204898,O=C(NCCN1CCOCC1)c1ccc2[nH]c3c4c(c5c(c3c2c1)CNC5=O)CCC4,6.79
CHEMBL1096560,NC(=O)c1cccc2nn(-c3ccccc3)nc12,7.15
CHEMBL6030663,COc1cc(N2CCN(Cc3ccc4c5c(c(=O)[nH]c4c3)CCCN5)CC2)ncc1Br,7.75
CHEMBL5914865,N#Cc1ccc(N2C3CCC2CN(Cc2ccc4c5c(c(=O)[nH]c4c2)CCCN5)C3)nc1,6.85
CHEMBL6053687,C[C@H]1CN(Cc2ccc3c4c(c(=O)[nH]c3c2)CCCN4)CCN1c1ccc(C#N)c(F)c1,7.43
CHEMBL5836088,O=c1[nH]c2cc(CN3CCN(c4ccc([N+](=O)[O-])cc4F)CC3)cc(F)c2c2c1CCCN2,8.13
CHEMBL5758337,O=c1[nH]c2cc(CN3CCN(c4ccc(F)cc4)CC3)cc(F)c2c2c1CCCN2,8.1
CHEMBL5966558,N#Cc1ccc(N2CCN(Cc3cc(F)c4c5c(c(=O)[nH]c4c3)CCCN5)CC2)cc1F,7.62
CHEMBL323488,O=C(CCn1c2c(c(=O)[nH]c1=O)CSCC2)NCC(=O)c1ccc2ccccc2c1,8.07
CHEMBL5555282,COc1cc(-c2nc3c(C(N)=O)cccc3[nH]2)cc(Br)c1OS(=O)(=O)c1c(C)cc(C)cc1C,7.47
CHEMBL5569313,CC(C)C[C@H](NC(=O)[C@H](Cc1c[nH]c2ccccc12)NC(=O)c1cc(Cc2n[nH]c(=O)c3ccccc23)ccc1F)B1O[C@@H]2C[C@@H]3C[C@@H](C3(C)C)[C@]2(C)O1,7.55
CHEMBL5567244,CC(C)C[C@H](NC(=O)[C@@H](NC(=O)c1cc(Cc2n[nH]c(=O)c3ccccc23)ccc1F)C(C)O)B1O[C@@H]2C[C@@H]3C[C@@H](C3(C)C)[C@]2(C)O1,6.56
CHEMBL4287147,NC(=O)c1cccc2[nH]c(-c3cc4c(s3)CCNC4)nc12,7.24
CHEMBL3764816,Cn1ncnc1[C@@H]1c2n[nH]c(=O)c3cc(F)cc(c23)N[C@H]1c1ccc(F)cc1,8.95
CHEMBL4460296,NC(=O)c1cccc2c1O/C(=C\c1ccc(S(=O)(=O)N3CCN(c4ncccn4)CC3)cc1)C2=O,6.71
CHEMBL4584942,NC(=O)c1cccc2c1O/C(=C\c1ccc(C(=O)N3CCn4cnnc4C3)cc1)C2=O,7.01
CHEMBL4571844,Cc1nnc2n1CCN(C(=O)c1ccc(/C=C3\Oc4c(C(N)=O)cccc4C3=O)cc1)C2,7.1
CHEMBL4469675,NC(=O)c1cccc2c1O/C(=C\c1ccc(C(=O)N3CCn4c(nnc4C4CCCC4)C3)cc1)C2=O,7.43
CHEMBL4450242,NC(=O)c1cccc2c1O/C(=C\c1ccc(C(=O)NCCc3nc4cc(F)ccc4[nH]3)cc1)C2=O,7.31
CHEMBL4471547,NC(=O)c1cccc2c1O/C(=C\c1cccc(C(=O)NCCc3nc4cc(F)ccc4[nH]3)c1)C2=O,7.02
CHEMBL5944656,Cc1cc(CN2CCN(c3ncc(C(F)(F)F)cc3Cl)CC2)cc2[nH]c(=O)c3c(c12)NCCC3,6.89
CHEMBL5958907,Cc1cc(F)ccc1N1CCN(Cc2cc(C)c3c4c(c(=O)[nH]c3c2)CCCN4)CC1,7.22
CHEMBL5789608,Cc1cc(CN2CCN(c3ccc(C#N)c(F)c3)CC2)cc2[nH]c(=O)c3c(c12)NCCC3,7.61
CHEMBL5750343,N#Cc1ccc(N2CCN(Cc3cc(CO)c4c5c(c(=O)[nH]c4c3)CCCN5)CC2)cc1,7.86
CHEMBL5776404,N#Cc1ccc(F)cc1N1CCN(Cc2ccc3c4c(c(=O)[nH]c3c2)CCCN4)CC1,8.22
CHEMBL5772004,O=c1[nH]c2cc(CN3CCN(c4ccc([N+](=O)[O-])cc4F)CC3)ccc2c2c1CCCN2,8.71
CHEMBL5869320,CNC(=O)c1ccc(N2CCN(Cc3ccc4c5c(c(=O)[nH]c4c3)CCCN5)CC2)c(F)c1,8.26
CHEMBL5767150,CCNC(=O)c1ccc(N2CCN(Cc3ccc4c5c(c(=O)[nH]c4c3)CCCN5)CC2)c(F)c1,8.18
CHEMBL6022682,CNC(=O)c1ccc(N2CCN(Cc3ccc4c5c(c(=O)[nH]c4c3)CCCN5)CC2)c(Br)c1,8.01
CHEMBL5997953,O=C(NC1CC1)c1ccc(N2CCN(Cc3ccc4c5c(c(=O)[nH]c4c3)CCCN5)CC2)cc1F,8.18
CHEMBL3649737,CN(C)CCc1ccc2c3c(c(=O)[nH]c2c1)CCCN3,6.64
CHEMBL3649774,CCN(C)Cc1ccc2c3c(c(=O)[nH]c2c1)CCCN3C,5.52
CHEMBL3644773,CCN(CCO)Cc1ccc2c(c1)-c1n[nH]c(=O)c3cccc(c13)O2,7
CHEMBL1173055,CNCc1ccc(-c2[nH]c3cc(F)cc4c3c2CCNC4=O)cc1,8.49
CHEMBL1094636,NC(=O)c1cccc2cn(-c3ccc([C@@H]4CCCNC4)cc3)nc12,7.79
CHEMBL3916191,CN(C)c1ccc(C2CC3=NNC(=O)c4cc(F)cc5[nH]c(c3c45)C2)cc1,4.59
CHEMBL3901638,CC1(C)CC2=NNC(=O)c3cc(F)cc4[nH]c(c2c34)C1O,4.96
CHEMBL106298,C[N+]1([O-])CCN(c2ccc3nc(O)c4ccccc4c3n2)CC1,6.61
CHEMBL5854134,O=c1[nH]c2cc(CN3CCN(c4ccc(C(F)(F)F)cc4)CC3)ccc2c2c1CCCN2,7.76
CHEMBL6013549,O=c1[nH]c2cc(CN3CCN(c4ccc(Cl)cn4)CC3)ccc2c2c1CCCN2,8.32
CHEMBL296032,O=C(NCCN1CCOCC1)c1ccc2c(c1)nc(O)c1ccccc12,7.46
CHEMBL4586580,CC(C)(C)c1ccc(-c2nc3ccc(F)cc3c(=O)[nH]2)cc1,5.41
CHEMBL4558610,CC(C)(O)c1ccc(-c2nc3c(F)cccc3c(=O)[nH]2)cc1,5.96
CHEMBL4455904,CN1CCN(c2ccc(-c3nc4ccc(F)cc4c(=O)[nH]3)cc2)CC1,6.43
CHEMBL5567854,NC(=O)c1cccc2[nH]c(-c3ccc(C(=O)N4CCN(C(=O)c5ccccn5)CC4)cc3)nc12,7.3
CHEMBL5785180,O=C(CCSc1nc2ccccc2c(=O)[nH]1)N[C@H]1CC[C@H](c2nnc(-c3ccncc3)o2)CC1,4.99
CHEMBL5796365,O=C(CCc1nc2ccccc2c(=O)[nH]1)N[C@H]1CC[C@H](c2nnc(-c3cccc(Cl)c3)o2)CC1,6
CHEMBL66761,O=c1[nH]nc(Cc2ccccc2)c2ccccc12,6.11
CHEMBL371425,CCC(=O)Nc1cccc(Cc2n[nH]c(=O)c3ccccc23)c1,7.7
CHEMBL5205419,CCc1cc2ncc(CN3CCN(c4ccc5cc[nH]c5n4)CC3)cc2[nH]c1=O,7.19
CHEMBL5179448,CCc1cc2ncc(CN3CCN(c4ccc(C(=O)NC)c5nccn45)CC3)cc2[nH]c1=O,8.45
CHEMBL5206717,CCc1cc2ncc(CN3CCc4cc(/C=C/C(=O)NC)ccc4C3)cc2[nH]c1=O,7.95
CHEMBL5179882,CCc1cc2ncc(CN3CC[C@@H](Nc4ccc(C(=O)NC)nc4)C3)cc2[nH]c1=O,8.73
CHEMBL372717,O=S(=O)([O-])c1ccc2c(c1)Cc1c-2nc(O)c2ccccc12.[Na+],6.16
CHEMBL5176160,CCc1cc2ncc(CN3CCN(c4ccc5cn[nH]c5n4)CC3)cc2[nH]c1=O,8.32
CHEMBL63354,O=c1cc(-c2ccc(O)c(-c3c(O)cc(O)c4c(=O)cc(-c5ccc(O)cc5)oc34)c2)oc2cc(O)cc(O)c12,6.7
CHEMBL5202615,O=C(c1ccc(Cc2n[nH]c(=O)c3cccnc23)cc1)N1CCCC1,7.44
CHEMBL5428981,NC(=O)c1cccc2[nH]c(NC(=O)c3ccc(Nc4nccc(N5CCN(C(=O)c6ccccc6)CC5)n4)cc3)nc12,6.71
CHEMBL5427693,NC(=O)c1cccc2[nH]c(-c3ccc(Nc4nccc(N5CCN(c6ccc(C(F)(F)F)cn6)CC5)n4)cc3)nc12,7.01
CHEMBL5397084,CN(c1ccnc(Nc2ccc(-c3nc4c(C(N)=O)cccc4[nH]3)cc2)n1)c1cc(C(C)(C)C)n(C)n1,6.89
CHEMBL5403416,Cc1c2ccc(N(C)c3nc(Nc4ccc(-c5nc6c(C(N)=O)cccc6[nH]5)cc4)nc4ccsc34)cc2nn1C,7.25
CHEMBL5431329,Cc1c2ccc(N(C)c3ccnc(Nc4ccc(-c5nc6c(C(N)=O)cccc6[nH]5)c(C(F)(F)F)c4)n3)cc2nn1C,6.79
CHEMBL5393855,COc1cc(Nc2nccc(N(C)c3ccc4c(C)n(C)nc4c3)n2)ccc1-c1nc2c(C(N)=O)cccc2[nH]1,6.91
CHEMBL5409257,Cc1c2ccc(N(C)c3ccnc(Nc4ccc(-c5ccc(-c6nc7c(C(N)=O)cccc7[nH]6)cc5)cc4)n3)cc2nn1C,6.33
CHEMBL5407371,COc1ccc(-c2nc3c(C(N)=O)cccc3[nH]2)cc1Nc1nccc(N(C)c2ccc3c(C)n(C)nc3c2)n1,7.41
CHEMBL4547590,O=C(c1cc(Cc2n[nH]c(=O)c3ccccc23)ccc1F)N1CCn2c(nnc2C2CC2)C1,8.07
CHEMBL521686,O=C(c1cc(Cc2n[nH]c(=O)c3ccccc23)ccc1F)N1CCN(C(=O)C2CC2)CC1,8.22
CHEMBL3137320,Cn1ncnc1[C@H]1c2n[nH]c(=O)c3cc(F)cc(c23)N[C@@H]1c1ccc(F)cc1,9.22
CHEMBL5438131,Cc1cccc(-c2nnc3n2CCN(C(=O)c2cc(Cc4n[nH]c(=O)c5ccccc45)ccc2F)C3)n1,7.87
CHEMBL5422190,CP(C)(=O)c1ccc(-c2nnc3n2CCN(C(=O)c2cc(Cc4n[nH]c(=O)c5ccccc45)ccc2F)C3)o1,7.89
CHEMBL5982850,O=c1[nH]c2cc(CN3CCN(c4ncc(Cl)cc4Cl)CC3)ccc2c2c1CCCN2,7.89
CHEMBL5932989,CCNC(=O)c1ccc(N2CCN(Cc3ccc4c5c(c(=O)[nH]c4c3)CCCN5)CC2)nc1,8.22
CHEMBL5930903,O=c1[nH]c2cc(CN3C[C@@H]4C[C@H]3CN4c3cnccn3)cc(F)c2c2c1CCCN2,7.09
CHEMBL5848519,N#Cc1ccc(N2CCN(Cc3cc(F)c4c5c(c(=O)[nH]c4c3)CCCN5)CC2)cc1C(F)(F)F,6.96
CHEMBL5851809,Cc1cc(F)ccc1N1CCN(Cc2cc(F)c3c4c(c(=O)[nH]c3c2)CCCN4)CC1,7.73
CHEMBL5925207,N#Cc1cnc(N2CCN(C(=O)c3ccc4c5c(c(=O)[nH]c4c3)CCCN5)CC2)s1,8.13
CHEMBL3649778,CCNCc1cc(OC)c2c3c(c(=O)[nH]c2c1)CCCN3,7.3
CHEMBL3649787,COc1cc(CN2CCCCC2)cc2[nH]c(=O)c3c(c12)NCCC3,6.82
CHEMBL3653091,COCCOc1cc(CN(C)C)cc2[nH]c(=O)c3c(c12)NCCC3,6.75
CHEMBL562175,O=C(c1cc2[nH]c(=O)c3ccccc3n2n1)N1CCN(CC2CC2)CC1,6.52
CHEMBL550501,CN(C)CCN(C)C(=O)c1cc2[nH]c(=O)c3ccccc3n2n1,7
CHEMBL551854,CN1CCCN(C(=O)c2cc3[nH]c(=O)c4ccccc4n3n2)CC1,8
CHEMBL5740636,N#Cc1ccc(N2CCN(C(=O)CCc3nc4cccnc4c(=O)[nH]3)CC2)nc1,7
CHEMBL5768831,Cc1cccc(N2CCN(C(=O)CCc3nc4ccccc4c(=O)[nH]3)CC2)n1,6.45
CHEMBL5966040,CC(CC(=O)N1CCN(c2ccc(C#N)cn2)CC1)c1nc2ccccc2c(=O)[nH]1,7.38
CHEMBL4460557,O=c1[nH]c(SCCN2CCN(c3ccccn3)CC2)nc2ccccc12,8.03
CHEMBL5557471,NC(=O)c1cccc2[nH]c(-c3ccc(C(=O)N4CCN(C(=O)c5ccco5)CC4)cc3)nc12,7.27
CHEMBL110115,O=C(CCn1c2c(c(=O)[nH]c1=O)CSCC2)NCC(=O)c1ccc(OC(F)F)cc1,7.52
CHEMBL4447860,Cl.O=C1NCCn2c(C3CCNCC3)nc3cncc1c32,7.27
CHEMBL5879160,N#Cc1ncc(N2CCN(c3nc4c(C(N)=O)cc(F)cc4[nH]3)CC2)cn1,8.22
CHEMBL5864976,CCCc1cnc(N2CCP(=O)(c3cc(Cc4n[nH]c(=O)c5ccccc45)ccc3F)CC2)nc1,6.26
CHEMBL4078014,O=C(/C=C/c1ccc(CN2CCN(C(=O)c3cc(Cc4n[nH]c(=O)c5ccccc45)ccc3F)CC2)cc1)NO,7.82
CHEMBL4082114,CC(C)(C)OC(=O)N1CC[C@H](C(=O)Nc2cc(Cn3c(=O)[nH]c(=O)c4ccccc43)ccc2Cl)C1,8.21
CHEMBL4099732,O=C(Nc1cc(Cn2c(=O)[nH]c(=O)c3ccccc32)cnc1F)[C@H]1CCN(CC(F)(F)F)C1,6.33
CHEMBL5809821,CC(C)(CC(=O)N1CCC(C(=O)c2cccc(C(=O)O)c2)CC1)Cc1nc2ccccc2c(=O)[nH]1,4.54
CHEMBL5867722,CC(C)CNC(=O)c1cnc(N2CCN(c3nc4c(C(N)=O)cc(F)cc4[nH]3)CC2)cn1,7.6
CHEMBL5808961,CCNC(=O)c1ncc(N2CCN(c3nc4c(C(N)=O)cc(F)cc4[nH]3)CC2)cn1,8.05
CHEMBL5999478,CN1CCN2C(=Nc3cccc4c(=O)[nH]nc2c34)C1,6.89
CHEMBL5954418,O=c1[nH]nc2c3c(cccc13)N=C1CN(Cc3ccccc3)CCN12,7.23
CHEMBL5889065,C=C(C)CCN1CCN2C(=Nc3cccc4c(=O)[nH]nc2c34)C1,7.41
CHEMBL5565731,CCC[C@H](NC(=O)c1cc(Cc2n[nH]c(=O)c3ccccc23)ccc1F)C(=O)N[C@@H](CC(C)C)B1O[C@@H]2C[C@@H]3C[C@@H](C3(C)C)[C@]2(C)O1,6.69
CHEMBL5817003,CNC(=O)c1ccc(N2CCN(Cc3ccc4nc(C(F)(F)F)c(=O)[nH]c4c3)CC2)c(Cl)n1,8.15
CHEMBL5785095,CCc1nc2ccc(CN3CCN(c4ccc(C(=O)NC)nc4C(F)F)CC3)cc2[nH]c1=O,8.3
CHEMBL5416841,NC(=O)c1ccccc1OCc1cccc(NC(=O)c2ccc(Br)cc2)c1,9.6
CHEMBL5799357,COc1cnc(N2CCN(c3nc4c(C(N)=O)cccc4[nH]3)CC2)nc1,7.13
CHEMBL5837307,CNC(=O)c1ccc(N2CCN(c3nc4c(C(N)=O)cccc4[nH]3)CC2)nc1,7.6
CHEMBL5905489,CNC(=O)c1cnc(N2CCN(c3nc4c(C(N)=O)cc(F)cc4[nH]3)CC2)nc1,8
CHEMBL5832230,CNC(=O)c1ccc(N2CCN(c3nc4c(C(N)=O)cc(F)cc4[nH]3)CC2)nn1,7.92
CHEMBL5947412,CNC(=O)c1ccc(N2CCN(c3nc4c(C(N)=O)cc(F)cc4[nH]3)CC2)nc1,7.35
CHEMBL5567210,O=C(c1cc(Cc2n[nH]c(=O)c3ccccc23)ccc1F)N1CCN(c2ccc3c(OCCn4nc(-c5cccnc5)ccc4=O)ccnc3c2)CC1,8.48
CHEMBL3617773,CCCNCc1ccc(-c2[nH]c3cc(F)cc4c3c2C(=O)NNC4=O)cc1,8.46
CHEMBL3617770,CC(C)NCc1ccc(-c2[nH]c3cccc4c3c2C(=O)NNC4=O)cc1,4.95
CHEMBL5810071,Cc1cc(C#N)ccc1N1CCN(Cc2ccc3c4c(c(=O)[nH]c3c2)CCCN4)CC1,8.19
CHEMBL5863835,CC(=O)c1cc(C#N)ccc1N1CCN(Cc2ccc3c4c(c(=O)[nH]c3c2)CCCN4)CC1,8.18
CHEMBL6011587,O=C(NC1CC1)c1ccc(N2CCN(Cc3ccc4c5c(c(=O)[nH]c4c3)CCCN5)CC2)c(Cl)c1,7.98
CHEMBL3923029,CN(C)CCn1c2c3c4c(cccc41)C(=O)NN=C3CN(C(=O)C1CC1)C2,4.96
CHEMBL6009619,O=c1[nH]c2cc(CN3C4CCC3CN(c3cnccn3)C4)ccc2c2c1CCCN2,8.09
CHEMBL5845076,N#Cc1ccc(N2C[C@@H]3C[C@H]2CN3Cc2ccc3c4c(c(=O)[nH]c3c2)CCCN4)nc1,8.09
CHEMBL6058132,O=c1[nH]c2cc(CN3CCN(c4ccc(Cl)nn4)CC3)ccc2c2c1CCCN2,8.49
CHEMBL5958241,CC1CN(c2ccc(C#N)cc2F)CCN1Cc1ccc2c3c(c(=O)[nH]c2c1)CCCN3,7.61
CHEMBL6037878,C[C@H]1CN(c2ccc(C#N)cc2F)CCN1Cc1ccc2c3c(c(=O)[nH]c2c1)CCCN3,7.7
CHEMBL6064168,COc1ccc(C(=O)C2CCN(C(=O)N(C)CCc3nc4ccccc4c(=O)[nH]3)CC2)cc1,5.7
CHEMBL6022678,COc1cc(N2CCN(Cc3ccc4c5c(c(=O)[nH]c4c3)CCCN5)CC2)ncc1C#N,8.13
CHEMBL5866913,CNC(=N)c1ccc(N2CCN(C(=O)CCc3nc4ccccc4c(=O)[nH]3)CC2)nc1,7.52
CHEMBL6062201,O=C(C1CCCO1)N1CCP(=O)(c2cc(Cc3n[nH]c(=O)c4ccccc34)ccc2F)CC1,6.26
CHEMBL5871953,CN(C)C(=O)N1CCP(=O)(c2cc(Cc3n[nH]c(=O)c4ccccc34)ccc2F)CC1,6.26
CHEMBL5861025,N#Cc1ccc(N2CCN(C(=O)CCc3nc4cc(F)ccc4c(=O)[nH]3)CC2)nc1,7.08
CHEMBL6016833,N#Cc1ccc(N2CCN(C(=O)CCc3nc4cnccc4c(=O)[nH]3)CC2)nc1,6.4
CHEMBL3110119,O=C(CCSc1nc2c(c(=O)[nH]1)CCCC2)N[C@H]1CC[C@H](c2nnc(-c3ccccc3)o2)CC1,5.41
CHEMBL5741844,O=C(CCc1nc2ccccc2c(=O)[nH]1)N[C@H]1CC[C@H](c2nnc(-c3ccccc3Cl)o2)CC1,5.41
CHEMBL6023360,O=C(CCc1nc2ccccc2c(=O)[nH]1)N[C@H]1CC[C@H](c2nnc(-c3cccc(F)c3)o2)CC1,5.96
CHEMBL5855546,CCc1cc2ncc(CN3CCN(c4ccc(C(=O)NC)nc4)[C@H](C)C3)cc2[nH]c1=O,8.44
CHEMBL5867447,O=C(CCc1nc2c(Cl)cccc2c(=O)[nH]1)N1CC=C(c2ccc(F)cc2)CC1,6.59
CHEMBL5757915,CC(C)N1CCN2C(=Nc3cccc4c(=O)[nH]nc2c34)C1,6.96
CHEMBL521686,O=C(c1cc(Cc2n[nH]c(=O)c3ccccc23)ccc1F)N1CCN(C(=O)C2CC2)CC1,8.09
CHEMBL5812628,COC(=O)c1cccc(C(=O)C2CCN(C(=O)C[C@H](C)Cc3nc4c(C)cccc4c(=O)[nH]3)CC2)c1,5.96
CHEMBL5764795,CCOc1cc(CN2CCN(c3ccc(F)cc3)CC2)cc2[nH]c(=O)c3c(c12)NCCC3,7.53
CHEMBL6031497,Cc1cc(CN2CCN(c3ccc(C#N)cc3Cl)CC2)cc2[nH]c(=O)c3c(c12)NCCC3,7.24
CHEMBL5770455,CCNC(=O)c1ccc(N2CCN(Cc3cc(C)c4c5c(c(=O)[nH]c4c3)CCCN5)CC2)cc1F,7.36
CHEMBL5745976,CCNC(=O)c1ccc(N2CCN(Cc3cc(C)c4c5c(c(=O)[nH]c4c3)CCCN5)CC2)c(C)c1,7.28
CHEMBL5863992,C[C@H]1CN(c2ccc(C#N)cn2)CCN1C(=O)CCc1nc2ccc(F)cc2c(=O)[nH]1,7.92
CHEMBL6041691,CCc1cc2ncc(CN3CCN(c4ccc(C(=O)NC[C@H]5CCOC5)nc4)CC3)cc2[nH]c1=O,8.3
CHEMBL5756877,CCc1cc2ncc(CN3CCN(c4ccc(C(=O)NC(C)C)nc4)CC3)cc2[nH]c1=O,8.31
CHEMBL5850478,CCc1cc2ncc(CN3CCN(c4ccc(C(=O)N[C@H]5CCOC5)nc4)CC3)cc2[nH]c1=O,8.19
CHEMBL5972338,CCc1cc2ncc(CN3CCN(c4ccc(C(=O)N[C@@H]5CCOC5)nc4)CC3)cc2[nH]c1=O,8.21
CHEMBL6019478,CNC(=O)c1ccc(N2CCN(Cc3cnc4cc(C5CC5)c(=O)[nH]c4c3)C[C@H]2C)cn1,8.18
CHEMBL3901232,CC(C)(C)OC(=O)N1CCC2=C(C1)Nc1cccc3c(=O)[nH]nc2c13,8.29
CHEMBL5752439,COC(=O)c1cccc(C(=O)C2CCN(C(=O)CC(C)(C)Cc3nc4c(C)cccc4c(=O)[nH]3)CC2)c1,5.14
CHEMBL3290468,NC(=O)c1cccc2c1O/C(=C\c1ccccc1)C2=O,6.36
CHEMBL4454914,NC(=O)c1cccc2c1O/C(=C\c1ccc(-c3nn[nH]n3)cc1)C2=O,7.46
CHEMBL4591947,NC(=O)c1cccc2c1O/C(=C\c1ccc(C(=O)N3CCN(c4ncccn4)CC3)cc1)C2=O,7.27
CHEMBL4453735,N#Cc1cccnc1N1CCN(C(=O)c2ccc(/C=C3\Oc4c(C(N)=O)cccc4C3=O)cc2)CC1,7.18
CHEMBL4447252,CC(C)(O)c1ccc(-c2nc3ccc(F)cc3c(=O)[nH]2)cc1,6.46
CHEMBL4514589,CC(C)(O)c1ccc(-c2nc3c(Cl)cccc3c(=O)[nH]2)cc1,6.39
CHEMBL6028174,Cn1ccc2c(=O)[nH]c(CCC(=O)N3CC=C(c4ccc(F)cc4)CC3)nc21,6.72
CHEMBL3955370,CC1(C)CCC2=C(C1)c1n[nH]c(=O)c3cccc(c13)N2,8.2
CHEMBL3954713,CC(=O)NNc1cc2c3c(n[nH]c(=O)c3c1)C1=C(CCCCC1)N2,7.23
CHEMBL6020107,CNC(=O)c1ccc(N2CCN(Cc3ccc4nc(C(F)(F)F)c(=O)[nH]c4c3)CC2)c(F)n1,8.15
CHEMBL4475367,CC(C)(O)c1ccc(-c2nc3ccccc3c(=O)[nH]2)cc1,6.04
CHEMBL4454894,CC(C)(O)c1ccc(-c2nc3c(F)ccc(F)c3c(=O)[nH]2)cc1,5.89
CHEMBL4458129,Cc1cc(F)cc2c(=O)[nH]c(-c3ccc(C(C)(C)O)cc3)nc12,7.22
CHEMBL4584689,Cc1cc(F)cc2c(=O)[nH]c(-c3ccc(N4CCN(C)CC4)cc3)nc12,6.92
CHEMBL4567515,Cc1cc(F)cc2c(=O)[nH]c(-c3ccc(C4CCNCC4)cc3)nc12.Cl,6.41
CHEMBL4857071,CCc1cc2cnc(CN3CCN(c4ccc(C(=O)NC)nc4Cl)CC3)cc2[nH]c1=O,8.3
CHEMBL4521684,O=C(CCn1nc(-c2ccccc2)c2ccccc2c1=O)Nc1cccc(Cl)c1,7.01
CHEMBL5185911,COC1CN(C(=O)c2cc(Cc3n[nH]c(=O)c4ccccc34)ccc2F)C1,8.09
CHEMBL3137320,Cn1ncnc1[C@H]1c2n[nH]c(=O)c3cc(F)cc(c23)N[C@@H]1c1ccc(F)cc1,9.24
CHEMBL5562408,NC(=O)c1cccc2[nH]c(-c3ccc(C(=O)NC4CCN(c5ccco5)C4)c(F)c3)nc12,8.05
CHEMBL5095043,C[C@@H](COCCC(=O)N1CCN(c2ncc(C(F)(F)F)cn2)CC1)Nc1cn[nH]c(=O)c1C(F)(F)F,7.47
CHEMBL521686,O=C(c1cc(Cc2n[nH]c(=O)c3ccccc23)ccc1F)N1CCN(C(=O)C2CC2)CC1,8.3
CHEMBL372450,O=C(Nc1cccc(Cc2n[nH]c(=O)c3ccccc23)c1)c1ccc(-c2ccsc2)s1,7.25
CHEMBL196883,CCCNC(=O)Nc1cccc(Cc2nnc(O)c3ccccc23)c1,6.27
CHEMBL5869027,O=C(CCCc1nc2ccccc2c(=O)[nH]1)N1CCC(c2nnc(-c3ccc(F)c(Cl)c3)o2)CC1,5.64
CHEMBL3649755,CN(C)Cc1ccc2[nH]c(=O)c3c(c2c1)NCCC3,6.5
CHEMBL3649757,CNCc1ccc2c3c(c(=O)[nH]c2c1)CCCN3,7.16
CHEMBL3649758,CN(CCO)Cc1ccc2c3c(c(=O)[nH]c2c1)CCCN3,7.3
CHEMBL5760944,O=c1[nH]nc(Cc2ccc(F)c(P3(=O)CCN(c4ncc(C(F)(F)F)cc4Cl)CC3)c2)c2ccccc12,6.26
CHEMBL5827773,CCCc1nc2ccc(CN3CCN(c4ccc(C(=O)NC)nc4Cl)CC3)cc2[nH]c1=O,7.82
CHEMBL5290559,Nc1ncnc2c1Oc1[nH]c(=O)[nH]c(=O)c1C2c1cccs1,4.83
CHEMBL521686,O=C(c1cc(Cc2n[nH]c(=O)c3ccccc23)ccc1F)N1CCN(C(=O)C2CC2)CC1,5.24
CHEMBL5847396,CC(C)n1cc(C(=O)C2CCN(C(=O)CC(C)(C)Cc3nc4c(ccn4C)c(=O)[nH]3)CC2)cn1,5.11
CHEMBL5849471,COc1ccc(C(=O)C2CCN(C(=O)COCc3nc4c(F)cc(F)cc4c(=O)[nH]3)CC2)cc1,6.02
CHEMBL5198072,CCc1cc2ncc(CN3CCn4c(cnc4C(=O)NC)C3)cc2[nH]c1=O,7.12
CHEMBL5185063,CCc1cc2ncc(CN3CC4(CCN(c5ccc(C(=O)NC)nc5)CC4)C3)cc2[nH]c1=O,7.92
CHEMBL5173989,CCc1cc2ncc(CN3CC(Nc4ccc(C(=O)NC)nc4)C3)cc2[nH]c1=O,8.59
CHEMBL5178741,CCc1cc2ncc(CN3CCC(Nc4ccc(C(=O)NC)nc4)C3)cc2[nH]c1=O,8.79
CHEMBL5193162,Cc1noc(C)c1-c1ccc2c(c1)C(c1ccccc1)N(Cc1nc3c(C(N)=O)cccc3[nH]1)C(=O)N2,6.44
CHEMBL108137,O=C(CCn1c2c(c(=O)[nH]c1=O)CSCC2)NCC(=O)c1ccc(-c2cncnc2)cc1,7.6
CHEMBL419020,O=C(CCn1c2c(c(=O)[nH]c1=O)CSCC2)NCC(=O)N1CCN(c2ncccc2C(F)(F)F)CC1,7.4
CHEMBL4097232,NC(=O)c1cccc(NC(=O)/C=C\C(=O)N2CCN(c3ccc(-c4ccccc4)cc3)CC2)c1,6.1
CHEMBL4085694,NC(=O)c1cccc(NC(=O)/C=C\C(=O)N2CCCC(c3ccccc3)C2)c1,5.81
CHEMBL4074448,NC(=O)c1cccc(NC(=O)/C=C\C(=O)N2CCC(c3ccc(F)cc3)CC2)c1,6.56
CHEMBL5427976,O=c1[nH]c(CCCN2CCC(c3ccccc3)CC2)nc2cccc(Cl)c12,7.17
CHEMBL3919533,C[C@@]12CCCN1CC1=NN=C(O)c3cc(F)cc4[nH]c2c1c34,9.08
CHEMBL521686,O=C(c1cc(Cc2n[nH]c(=O)c3ccccc23)ccc1F)N1CCN(C(=O)C2CC2)CC1,8.68
CHEMBL3701698,C[C@@H]1c2cccc(C(N)=O)c2C(=O)N1C1CCN(C2CCCCC2)CC1,6.79
CHEMBL3983342,O=C1NN=C2CCCc3[nH]c4c(F)ccc1c4c32,4.62
CHEMBL6065530,O=c1[nH]c2cc(CN3CCN(c4cnccn4)CC3)ccc2c2c1CCCN2,8.31
CHEMBL5863556,N#Cc1ccc(N2CCN(Cc3ccc4c5c(c(=O)[nH]c4c3)CCCN5)CC2)s1,8.52
CHEMBL5955353,N#Cc1cnc(N2CCN(Cc3ccc4c5c(c(=O)[nH]c4c3)CCCN5)CC2)s1,8.34
CHEMBL5794243,O=c1[nH]c2cc(CN3CCN(c4nc5ncccc5o4)CC3)ccc2c2c1CCCN2,7.11
CHEMBL5994840,CCc1nc2ncc(CN3CCN(c4ccc(C(=O)NC)nc4)CC3)cc2[nH]c1=O,8.22
CHEMBL5904090,CCc1cc2ncc(CN3CCN(c4cnc(C(=O)NC5CC5)c(F)c4)CC3)cc2[nH]c1=O,8.46
CHEMBL5940801,CCNC(=O)c1ccc(N2CCN(Cc3cnc4cc(C5CC5)c(=O)[nH]c4c3)CC2)cn1,8.37
CHEMBL4446105,NC(=O)c1cccc2c1O/C(=C\c1ccc(C(=O)N3CCn4c(nnc4C(F)F)C3)cc1)C2=O,7.52
CHEMBL4450747,NC(=O)c1cccc2c1O/C(=C\c1ccc(C(=O)N3CCn4c(CC5CC5)nnc4C3)cc1)C2=O,7.33
CHEMBL4469675,NC(=O)c1cccc2c1O/C(=C\c1ccc(C(=O)N3CCn4c(nnc4C4CCCC4)C3)cc1)C2=O,7.48
CHEMBL506871,C[C@]1(c2nc3c(C(N)=O)cccc3[nH]2)CCCN1,8.3
CHEMBL5284505,Cc1cc2c(=O)[nH]c(-c3ccc(C(C)(C)O)cc3)cn2n1,5.43
CHEMBL5279709,Cc1csc2c(=O)[nH]c(-c3ccc(C(C)(C)O)cc3)nc12,6.36
CHEMBL5280345,Cc1cc2c(=O)[nH]c(-c3ccc(C(C)(C)O)cc3)cn2c1,5.72
CHEMBL5269584,Cc1ccc2c(=O)[nH]c(-c3ccc([C@@](C)(O)CO)cc3)cn12,6.13
CHEMBL5272750,Cc1ccc2c(=O)[nH]c(-c3ccc([C@](C)(O)CCO)cc3)cn12,6.11
CHEMBL5406267,Oc1ccc2c(c1)sc1nncn12,6.25
CHEMBL4112930,C[C@]12CCCN1CC1=NNC(=O)c3cc(F)cc4[nH]c2c1c34,9.08
CHEMBL4297461,COc1cccc2[nH]c3c4c(c5c(c3c12)C(=O)N(CN1CCN(C)CC1)C5=O)CCC4,7.7
CHEMBL4569417,CC(C)(C)[Si](C)(C)OCCCN1CCN(C(=O)c2cc(Cn3c(=O)[nH]c(=O)c4ccccc43)ccc2F)CC1=O,8.89
CHEMBL506871,C[C@]1(c2nc3c(C(N)=O)cccc3[nH]2)CCCN1,8.3
CHEMBL4099412,CCC(CC)N1CCN(C(=O)c2nc3c(C(N)=O)cc(F)cc3[nH]2)CC1=O,7.06
CHEMBL45245,O=c1[nH]c2ccccc2c2ccccc12,6.52
CHEMBL3317906,N#Cc1ccc(C(=O)N2CCN(C(=O)c3csc(Cc4n[nH]c(=O)c5ccccc45)c3)CC2)cc1,7.07
CHEMBL4744783,NC(=O)c1cccc2cc(C(=O)N3CCN(c4nc(-c5cnc(N)nc5)nc(N5CCOCC5)n4)CC3)oc12,8.24
CHEMBL4761383,NC(=O)c1cccc2cc(C(=O)N3CCN(c4nc(-c5cnc(NC(=O)CN6CCOCC6)cc5C(F)(F)F)nc(N5CCOCC5)n4)CC3)oc12,7.86
CHEMBL5205994,COc1cc(OC)c2c(=O)[nH]c(-c3ccc(OCCOc4ccccc4C(N)=O)cc3)nc2c1,5.34
CHEMBL4746309,N#Cc1ccc(N2CCN([C@H]3C=C(c4cc5ncccc5c(=O)[nH]4)CC3)CC2)nc1,9
CHEMBL4776820,N#Cc1ccc(N2CCN([C@H]3C=C(c4cc5ncccc5c(=O)[nH]4)CC3)CC2)cc1,8.96
CHEMBL521686,O=C(c1cc(Cc2n[nH]c(=O)c3ccccc23)ccc1F)N1CCN(C(=O)C2CC2)CC1,9.05
CHEMBL4747486,CC12CCCN1Cc1[nH]c3cc(F)cc4c3c1C2=NNC4=O,7.14
CHEMBL4784831,O=C1NN=C2CN(C(=O)C3(O)CC3)Cc3[nH]c4cc(F)cc1c4c32,8.33
CHEMBL3931542,O=C1NN=C2CNCc3[nH]c4cc(F)cc1c4c32,8.07
CHEMBL3945909,O=C1NN=C2CCCc3c2c2c1cccc2n3CCN(Cc1ccccc1)Cc1ccccc1,6.1
CHEMBL5930081,Cc1ccc2c(c1)[nH]c(=O)n2C1CCN(C(=O)CCCc2nc3ccccc3c(=O)[nH]2)CC1,6.06
CHEMBL5911156,O=C(CCCc1nc2ccccc2c(=O)[nH]1)N1CCC(c2nnc(-c3ccncc3)o2)CC1,5.31
CHEMBL5183578,CC(c1nc2c(C(N)=O)cccc2[nH]1)N1CC(=O)N(c2ccc(C(F)(F)F)cc2)C1=S,7.6
CHEMBL6037881,O=C(CCc1nc2ccccc2c(=O)[nH]1)N1CC=C(c2ccc(F)cc2)CC1,7.08
CHEMBL5203729,NC(=O)c1cccc2[nH]c(-c3ccc(OCCCCCC(=O)NO)cc3)nc12,7.7
CHEMBL6004727,Cc1cccnc1N1CCN(Cc2cc(C)c3c4c(c(=O)[nH]c3c2)CCCN4)CC1,7.81
CHEMBL5809897,CNC(=O)c1ccc(N2CCN(Cc3cc(C)c4c5c(c(=O)[nH]c4c3)CCCN5)CC2)c(C)c1,7.28
CHEMBL5991064,COc1cc(C#N)ccc1N1CCN(Cc2ccc3c4c(c(=O)[nH]c3c2)CCCN4)CC1,8.13
CHEMBL5837159,Cc1cccnc1N1CCN(Cc2ccc3c4c(c(=O)[nH]c3c2)CCCN4)CC1,8.26
CHEMBL5788476,C[C@H]1CN(c2ccc(C#N)c(F)c2)CCN1Cc1ccc2c3c(c(=O)[nH]c2c1)CCCN3,7.99
CHEMBL6012632,Cc1cc(CN2CCN(c3ccc(C#N)cn3)CC2)cc2[nH]c(=O)c3c(c12)NCCC3,7.67
CHEMBL5204595,C=C1C(=O)OC2C[C@@]3(C)CCC=C(COC(=O)CC4CCCN(C(=O)c5cc(Cc6n[nH]c(=O)c7ccccc67)ccc5F)C4)C3=CC12,7.19
CHEMBL4285233,COc1cc2ncnc(N3CCC(CN4Cc5ccccc5NC4=O)CC3)c2cc1OC,5.1
CHEMBL521686,O=C(c1cc(Cc2n[nH]c(=O)c3ccccc23)ccc1F)N1CCN(C(=O)C2CC2)CC1,8.37
CHEMBL5560815,Cn1cc(-c2ccc(=O)n(CCOc3ccnc4cc(NC5CCN(C(=O)c6cc(Cc7n[nH]c(=O)c8ccccc78)ccc6F)CC5)ccc34)n2)cn1,8.33
CHEMBL4112930,C[C@]12CCCN1CC1=NNC(=O)c3cc(F)cc4[nH]c2c1c34,9.05
CHEMBL521686,O=C(c1cc(Cc2n[nH]c(=O)c3ccccc23)ccc1F)N1CCN(C(=O)C2CC2)CC1,8.06
CHEMBL5558873,CCCS(=O)(=O)Oc1c(Br)cc(-c2nc3c(C(N)=O)cccc3[nH]2)cc1OC,7.3
CHEMBL5559084,COc1cc(-c2nc3c(C(N)=O)cccc3[nH]2)cc(Br)c1OS(=O)(=O)c1ccccc1C,7.91
CHEMBL521686,O=C(c1cc(Cc2n[nH]c(=O)c3ccccc23)ccc1F)N1CCN(C(=O)C2CC2)CC1,8.86
CHEMBL521686,O=C(c1cc(Cc2n[nH]c(=O)c3ccccc23)ccc1F)N1CCN(C(=O)C2CC2)CC1,7.7
CHEMBL4168839,NC(=O)c1cccc2[nH]c(-c3cccc(N)c3)nc12,7.52
CHEMBL5936469,N#Cc1cnc(N2CCN(c3nc4c(C(N)=O)cc(F)cc4[nH]3)CC2)nc1,8.05
CHEMBL4177509,CC(C)(C)OC(=O)N1CCC2(CC1)CCN(C(=O)c1cc(Cc3n[nH]c(=O)c4ccccc34)ccc1F)CC2,6.34
CHEMBL4162368,O=C(c1cc(Cc2n[nH]c(=O)c3ccccc23)ccc1F)N1CCC2(CCN(C(=O)C3CC3)CC2)C1,6.65
CHEMBL4098253,COC1CCN(C(=O)c2cc(Cc3n[nH]c(=O)c4ccccc34)ccc2F)CC1,8.77
CHEMBL4166130,O=C(c1cc(Cc2n[nH]c(=O)c3ccccc23)ccc1F)N1CC2(CNC2)C1,5.62
CHEMBL4176757,CC(C)(C)OC(=O)N1CC2(C1)CN(C(=O)c1cc(Cc3n[nH]c(=O)c4ccccc34)ccc1F)C2,6.26
CHEMBL4161636,O=C(c1cc(Cc2n[nH]c(=O)c3ccccc23)ccc1F)N1CC2(CCC2)C1,7.47
CHEMBL5901131,Cc1cccc2c(=O)[nH]c(CC(C)(C)CC(=O)N3CCC(C(=O)c4cccc(C(=O)O)c4)CC3)nc12,5.82
CHEMBL5747945,CC(C)(CC(=O)N1CCC(C(=O)c2ccc(C(=O)O)cc2)CC1)Cc1cc2ccccc2c(=O)[nH]1,6
CHEMBL521686,O=C(c1cc(Cc2n[nH]c(=O)c3ccccc23)ccc1F)N1CCN(C(=O)C2CC2)CC1,8.39
CHEMBL5632428,CC1CN(C(=O)c2cc(Cc3n[nH]c(=O)c4ccccc34)ccc2F)Cc2nnc(-c3cnn(C)c3)n21,8.55
CHEMBL5632118,CC1CN(C(=O)c2cc(Cc3n[nH]c(=O)c4ccccc34)ccc2F)Cc2nnc(-c3cnccn3)n21,8.4
CHEMBL5431108,Cc1ccc2c(c1)sc1nnc(N)n12,5.79
CHEMBL5406267,Oc1ccc2c(c1)sc1nncn12,6.24
CHEMBL5404785,COc1ccc(OC)c2c1sc1nnc(N)n12,4.82
CHEMBL5566839,NC(=O)c1cccc2[nH]c(-c3ccc(C(=O)NC4CCN(C(=O)c5ccc(Cl)o5)C4)cc3)nc12,8.06
CHEMBL2347910,CCCN1CCCC(c2nc3c(C(N)=O)cncc3[nH]2)C1,6.03
CHEMBL5948115,N#Cc1ccc(N2CCN(C(=O)CCc3nc4ccccc4c(=O)[nH]3)C(CO)C2)nc1,8.22
CHEMBL4868946,Cc1ccc(-c2cc(=O)c3c(O)cc(O)c(-c4cccc(-c5cc(=O)c6c(O)cc(O)cc6o5)c4)c3o2)cc1,6.53
CHEMBL4854910,COc1ccc(C(=O)N2CCN(Cc3c(O)cc(O)c4c(=O)cc(-c5ccc(O)cc5)oc34)CC2)cc1,7.36
CHEMBL4847485,O=C(c1cccc(C(F)(F)F)c1)N1CCN(Cc2c(O)cc(O)c3c(=O)cc(-c4ccc(O)cc4)oc23)CC1,7.38
CHEMBL4847227,O=C(c1cccs1)N1CCN(Cc2c(O)cc(O)c3c(=O)cc(-c4ccc(O)cc4)oc23)CC1,7.8
CHEMBL4877994,CC(C)CCN1CCN(Cc2c(O)cc(O)c3c(=O)cc(-c4ccc(O)cc4)oc23)CC1,7.15
CHEMBL4863900,O=c1cc(-c2ccc(O)cc2)oc2c(CN3CCC(c4ccccc4)CC3)c(O)cc(O)c12,7.14
CHEMBL4875472,O=c1cc(-c2ccc(O)cc2)oc2c(CN3CC=C(c4ccccc4)CC3)c(O)cc(O)c12,6.86
CHEMBL3763705,Cn1nccc1C1Nc2cc(F)cc3c(=O)[nH]nc(c23)C1c1ncnn1C,8.54
CHEMBL5272499,CN(C)C(=O)Cc1ccc2[nH]c(=O)c3ccccc3c2c1,6.29
CHEMBL5633542,CC1CN(C(=O)c2cc(Cc3n[nH]c(=O)c4ccccc34)ccc2F)Cc2nnc(C3COC(C)(C)O3)n21,7.6
CHEMBL3696942,O=C(O)c1ccc2c(c1)nc(OCCCO)c1ccccc12,6.4
CHEMBL568910,CC(C)NCCc1c[nH]c2ccc3c(c12)CCNC3=O,7.09
CHEMBL563441,O=C1NCCc2c1ccc1[nH]cc(CCNC(=O)C3CCNCC3)c21,6.8
CHEMBL563541,O=C(c1cc2[nH]c(=O)c3ccccc3n2n1)N1CCCC(CN2CCOCC2)C1,6.16
CHEMBL556897,O=c1[nH]c2cc(-c3ccc(Br)cc3)nn2c2ccccc12,6.16
CHEMBL552319,CN(C)CCN(C)C(=O)c1cccc(-c2cc3[nH]c(=O)c4ccccc4n3n2)c1,6.1
CHEMBL3663640,Cn1c2cccc(C(N)=O)c2c(=O)n1C1CCN(C2CCCCC2)CC1,7.58
CHEMBL3663646,NC(=O)c1cccc2[nH]n(C3CCN(C4CCC4)CC3)c(=O)c12,5.6
CHEMBL3663647,Cn1c2cccc(C(N)=O)c2c(=O)n1C1CCN(C2CCC2)CC1,7.64
CHEMBL5202261,CCc1cc2ncc(CN3CCC(Nc4ccc(C(=O)NC)nc4)CC3)cc2[nH]c1=O,6.59
CHEMBL5195834,CCc1cc2ncc(CN3CC[C@H](Nc4ccc(C(=O)NC)nc4)C3)cc2[nH]c1=O,5.84
CHEMBL597925,CCS(=O)(=O)N1CCN(C(=O)c2cc(Cc3c[nH]c(=O)c4cc(Cl)c(Cl)n34)ccc2F)CC1,8.05
CHEMBL603457,O=C(c1ncc[nH]1)N1CCN(C(=O)c2cc(Cc3c[nH]c(=O)c4cc(Cl)c(Cl)n34)ccc2F)CC1,8.51
CHEMBL599801,CC(C)CN1CCN(C(=O)c2cc(Cc3c[nH]c(=O)c4cc(Cl)c(Cl)n34)ccc2F)CC1,7.85
CHEMBL592486,Cc1c(Cc2ccc(F)c(C(=O)N3CCN(C(=O)C4(Cc5ccc(F)cc5)CCCN4)CC3)c2)n[nH]c(=O)c1C,8.44
CHEMBL603135,O=C(c1cc(Cc2c[nH]c(=O)c3cc(Cl)c(Cl)n23)ccc1F)N1CCN(c2ncc3ccccc3n2)CC1,9
CHEMBL603448,O=C(c1cc(Cc2c[nH]c(=O)c3cc(Cl)c(Cl)n23)ccc1F)N1CCN(c2cccnc2)CC1,7.92
CHEMBL597324,CN(C)C(C)(C)C(=O)N1CCN(C(=O)c2cc(Cc3c[nH]c(=O)c4cc(Cl)c(Cl)n34)ccc2F)CC1,8.29
CHEMBL598751,O=C(c1ccccn1)N1CCN(C(=O)c2cc(Cc3c[nH]c(=O)c4cc(Cl)c(Cl)n34)ccc2F)CC1,8.62
CHEMBL602535,CC(=O)N1CCN(C(=O)c2cc(Cc3c[nH]c(=O)c4cc(Cl)c(Cl)n34)ccc2F)CC1,8.2
CHEMBL6017256,CC(c1ncc(F)cn1)N1CCN(c2nc3c(c(=O)[nH]2)CCCN3C)CC1,5.12
CHEMBL6054881,CN1CCCc2c1nc(N1CCN(Cc3ncccn3)CC1)[nH]c2=O,5.57
CHEMBL5209870,COc1cc(OC)c2c(=O)[nH]c(-c3cc(C)c(OCCOc4ccccc4C(N)=O)c(C)c3)nc2c1,8.34
CHEMBL5280167,CC(C)(O)c1ccc(-c2cn3cc(Cl)cc3c(=O)[nH]2)cc1,6.2
CHEMBL5269897,CC(C)(O)c1ccc(-c2cn3cc(F)cc3c(=O)[nH]2)cc1,6.35
CHEMBL5276381,CC(C)(O)c1ccc(-c2cn3c(F)ccc3c(=O)[nH]2)cc1,5.7
CHEMBL5289848,Cc1ncc2c(=O)[nH]c(-c3ccc(C(C)(C)O)cc3)cn12,4.64
CHEMBL5274873,Cc1ccc2c(=O)[nH]c(-c3ccc(C(C)(C)O)cc3)nn12,6.02
CHEMBL123978,COc1cccc(C(N)=O)c1,4.52
CHEMBL133694,NC(=O)c1cccc2[nH]cnc12,6.62
CHEMBL5982191,N#Cc1cc(F)c(N2CCN(Cc3cc(CO)c4c5c(c(=O)[nH]c4c3)CCCN5)CC2)c(F)c1,7.49
CHEMBL5632796,CC1CN(C(=O)c2cc(Cc3n[nH]c(=O)c4ccccc34)ccc2F)Cc2nnc(-c3ccco3)n21,8.77
CHEMBL5631371,Cc1c(Cc2ccc(F)c(C(=O)N3Cc4nnc(-c5ccccn5)n4C(C)C3)c2)n[nH]c(=O)c1C,7.21
CHEMBL3606021,NC(=O)c1cc(F)cc2c1C(=O)N(C1CCN(C3CCC(F)(F)CC3)CC1)C2,7.1
CHEMBL5191396,Cc1cnc(N2CCN(Cc3ccc4c(c3)[nH]c(=O)c3ccccc34)CC2)n1C,8.05
CHEMBL5176058,COC1CCN(C(=O)c2cc(Cc3n[nH]c(=O)c4ccccc34)ccc2F)C1,8.38
CHEMBL5186314,COC1CC(NC(=O)c2cc(Cc3n[nH]c(=O)c4ccccc34)ccc2F)C1,7.36
CHEMBL5181382,O=C(Nc1nc(-c2ccccc2)cs1)c1ccc(Cc2n[nH]c(=O)c3cccnc23)cc1,7.34
CHEMBL446240,Nc1cccc2c(=O)[nH]ccc12,6
CHEMBL5646758,O=C1Nc2ccccc2/C1=C1/Nc2ccc(F)cc2/C1=N\OCCCC(=O)N1CCN(C(=O)c2cc(Cc3n[nH]c(=O)c4ccccc34)ccc2F)CC1,8.35
CHEMBL5092201,CC[C@@H]1C(=O)N(C)c2cnc(Nc3ccc(-c4nc5c(C(N)=O)cccc5[nH]4)cc3OC3CCCC3)nc2N1C1CCCC1,5.74
CHEMBL5204389,NC(=O)c1ccc(COc2ccc(-c3nc4c(C(N)=O)cccc4[nH]3)cc2)cc1,7.51
CHEMBL5286956,CNCc1ccc(-c2cc3cc(F)cc(C(N)=O)c3o2)cc1.Cl,7.16
CHEMBL5425005,CN(c1ccc(S(C)(=O)=O)cc1)c1ccnc(Nc2ccc(-c3nc4c(C(N)=O)cccc4[nH]3)cc2)n1,6.96
CHEMBL5422955,CN(c1ccc(Cl)cc1)c1ccnc(Nc2ccc(-c3nc4cc(F)c(F)cc4[nH]3)cc2)n1,6.18
CHEMBL5420282,COc1ccc(-c2nc3cc(F)c(F)cc3[nH]2)cc1Nc1nccc(N(C)c2ccc3c(C)n(C)nc3c2)n1,6.1
CHEMBL4855366,COc1ncc(C(N)=O)c2nc(C3CCN(C(=O)c4cc(Cc5n[nH]c(=O)c6ccccc56)ccc4F)CC3)[nH]c12,8.62
CHEMBL446240,Nc1cccc2c(=O)[nH]ccc12,6.03
CHEMBL1767057,O=C(Nc1cccc2c(=O)[nH]ccc12)c1ccccc1I,5.35
CHEMBL1767058,O=C(Nc1cccc2c(=O)[nH]ccc12)c1cccs1,4.65
CHEMBL115114,O=C(Nc1cc(Cl)ccc1Oc1ccc2ccccc2c1Cl)c1cc(Cl)cc(Br)c1O,4.66
CHEMBL3918110,COc1ccc(C(=O)C2CCN([C@H]3CCN(Cc4nc5c(c(=O)[nH]4)COCC5)C3=O)CC2)cc1C,4.62
CHEMBL3921853,COc1ccc(C(=O)C2CCN([C@H]3CCN(Cc4nc5ccccc(=O)c5[nH]4)C3=O)CC2)cc1C,4.7
CHEMBL3925030,O=C(CN1CCC(C(=O)c2ccc(Cl)cc2)CC1)NCc1nc2c(c(=O)[nH]1)COCC2,5.04
CHEMBL3943283,Cc1ccc(C(=O)C2CCN(CC(=O)NCc3nc4c(c(=O)[nH]3)COCC4)CC2)cc1,5.08
CHEMBL3903427,O=C(CN1CCC(C(=O)c2ccc(OC3CCOCC3)cc2)CC1)NCc1nc2c(c(=O)[nH]1)COCC2,5.24
CHEMBL1173055,CNCc1ccc(-c2[nH]c3cc(F)cc4c3c2CCNC4=O)cc1,8.7
CHEMBL3663642,Cn1c2cccc(C(N)=O)c2c(=O)n1C1CCN(C2CCCC2)CC1,6.89
CHEMBL3663654,NC(=O)c1cccc2[nH]n(C3CCN(Cc4cccs4)CC3)c(=O)c12,7.16
CHEMBL3663658,Cn1c2cccc(C(N)=O)c2c(=O)n1C1CCN(Cc2cccs2)CC1,6.89
CHEMBL3663656,NC(=O)c1cccc2[nH]n(C3CCN(CC4CC=CCC4)CC3)c(=O)c12,6.82
CHEMBL3663659,Cn1c2cccc(C(N)=O)c2c(=O)n1C1CCN(Cc2ccco2)CC1,5.89
CHEMBL563751,O=c1[nH]c2cc(-c3ccc(Cl)cc3)nn2c2ccccc12,6.3
CHEMBL563236,O=C(c1cc2[nH]c(=O)c3ccccc3n2n1)N1CCN2CCC[C@H]2C1,6.22
CHEMBL45764,Nc1cc2nc(O)c3ccccc3c2cc1N,6.75
CHEMBL595695,NC(=O)c1cc(F)cc2cn(-c3ccc(NC(=O)C4CNC4)cc3)nc12,8.3
CHEMBL610171,CNCc1ccc(-n2cc3cc(F)cc(C(N)=O)c3n2)cc1,8.85
CHEMBL596367,CNCc1ccc(-n2cc3c(Cl)ccc(C(N)=O)c3n2)cc1,6.75
CHEMBL593379,CN1CCCC(C(=O)NCc2ccc(-n3cc4cccc(C(N)=O)c4n3)cc2)C1,7.66
CHEMBL595924,NC(=O)c1cccc2cn(-c3ccc(C(=O)NCc4ccncc4)cc3)nc12,8
CHEMBL609862,CNCc1ccc(-n2cc3cccc(C(N)=O)c3n2)cc1,8.3
CHEMBL593611,O=C1NCC2c3c(cccc31)CCN2Cc1ccccc1,6.72
CHEMBL595693,O=C1NCC2c3c(cccc31)CCN2C(=O)Oc1ccccc1,8.05
CHEMBL603318,O=C1NCC2c3c(cccc31)CCN2C(=O)c1ccccc1Cl,7.46
CHEMBL595236,COc1cccc(CC(=O)N2CCc3cccc4c3C2CNC4=O)c1,8.3
CHEMBL593202,Cn1cc(CCC(=O)N2CCc3cccc4c3C2CNC4=O)cn1,7.85
CHEMBL593837,O=C1NCC2c3c(cccc31)CCN2C(=O)C1CCCC1,7.96
CHEMBL589833,O=C(c1cc(Cc2c[nH]c(=O)c3cc(Cl)c(Cl)n23)ccc1F)N1CCC(N2CCCC2)CC1,8.27
CHEMBL603407,CNC1CCN(C(=O)c2cc(Cc3c[nH]c(=O)c4cc(Cl)c(Cl)n34)ccc2F)CC1,8.64
CHEMBL6033807,N#Cc1ccc(O[C@H]2CC[C@H](NC(=O)CCCc3nc4ccccc4c(=O)[nH]3)CC2)cc1Cl,6.59
CHEMBL5999852,O=C(CCCc1nc2ccccc2c(=O)[nH]1)N1CCC(n2nnc3ccccc32)CC1,5.65
CHEMBL6054513,O=C(CCCc1nc2ccccc2c(=O)[nH]1)N[C@H]1CC[C@H](Oc2ccc(Cl)cc2)CC1,5.59
CHEMBL249813,O=c1[nH]c(CCCN2CCC(c3ccccc3)CC2)nc2ccccc12,7.68
CHEMBL5398361,N#Cc1ccc(C2CCN(CCCc3nc4c(Cl)cccc4c(=O)[nH]3)CC2)cc1,8.52
CHEMBL5428997,Cc1cc(O)nn1S(=O)(=O)c1ccc2[nH]c(=O)c(=O)[nH]c2c1,8.06
CHEMBL5411930,CC(=O)C1=C(C)N(C(=O)c2ccccc2)C(NNS(=O)(=O)c2ccc3[nH]c(=O)c(=O)[nH]c3c2)S1,8.08
CHEMBL4209677,O=c1[nH]c2c(-c3nnc(-c4ccccc4Cl)o3)cccc2c(=O)c2ccccc12,5.96
CHEMBL4453414,NC(=O)c1c(F)ccc2[nH]c(C3CCCNC3)nc12,7.59
CHEMBL4454541,CCCCN1CCC(c2nc3cncc4c3n2CCNC4=O)CC1,7.68
CHEMBL1092145,COCCN1CCC(Oc2ccc3[nH]c(=O)c4c(c3c2)CCSC4)CC1,7.4
CHEMBL1092778,CCCN1CCCC(Oc2ccc3[nH]c(=O)c4c(c3c2)CCSC4)C1,7.25
CHEMBL4293136,CCCCC1NCCc2cc(-c3nc4c(C(N)=O)cc(F)cc4[nH]3)sc21,6.89
CHEMBL1097260,NC(=O)c1cccc2cn(-c3ccc([C@H]4CCCNC4)cc3)nc12,8.62
CHEMBL1098297,NC(=O)c1cccc2cn(-c3ccc(C4CCCN4)cc3)nc12,8.51
CHEMBL1095606,NC(=O)c1cccc2cn(-c3ccc4c(c3)CNCC4)nc12,8.66
CHEMBL594298,NC(=O)c1cccc2cn(-c3ccccc3)nc12,7.62
CHEMBL3951799,O=C(c1cc(Cc2n[nH]c(=O)c3ccccc23)ccc1F)N1CCn2c(nnc2C(F)(F)F)C1,7.82
CHEMBL3930624,O=C(c1cc(Cc2n[nH]c(=O)c3ccccc23)ccc1F)N1CCn2nc(C(F)(F)F)nc2C1,7.99
CHEMBL4848360,Cc1c(CN2CCN(C(=O)c3cc4cccc(C(N)=O)c4o3)CC2)sc2c(N3CCOCC3)nc(-c3ccc4[nH]ccc4c3)nc12,7.5
CHEMBL2322614,O=C(NC1CNC(=O)c2ccccc21)c1cc(Cc2n[nH]c(=O)c3ccccc23)ccc1F,4.06
CHEMBL2323218,O=C1NCC2c3c(cccc31)CCN2C(=O)c1cc(Cc2n[nH]c(=O)c3c2CCCC3)ccc1F,8.74
CHEMBL3701692,CC1c2cc(F)cc(C(N)=O)c2C(=O)N1C1CCN(C2CCCCC2)CC1,6.19
CHEMBL6023542,CCCc1nc2ccc(CN3CCN(c4ccc(C(=O)NC)nc4F)CC3)cc2[nH]c1=O,7.85
CHEMBL550556,O=c1[nH]c2cc(-c3cccc(Cl)c3)nn2c2ccccc12,6.3
CHEMBL520924,CN1CCN(C(=O)c2cccc(-c3nc4cccc5c4n3CCNC5=O)c2)CC1,6.79
CHEMBL521686,O=C(c1cc(Cc2n[nH]c(=O)c3ccccc23)ccc1F)N1CCN(C(=O)C2CC2)CC1,8.93
CHEMBL4075671,NC(=O)c1cccc2[nH]c(C(=O)NC3CCN(C4CCNCC4)CC3)nc12,6.5
CHEMBL4085866,CC(C)(C)OC(=O)NC1CCN(C(=O)c2nc3c(C(N)=O)cc(F)cc3[nH]2)CC1,7.1
CHEMBL611629,O=c1[nH]c2c(nc3cnccn32)c2ccccc12,5.49
CHEMBL4800042,NC(=O)c1ccc(N2CCN(CCCc3cc4c(N)cc(F)cc4c(=O)[nH]3)CC2)cc1,9.4
CHEMBL4786854,CNC(=O)c1ccc(N2CCN(CCCc3cc4c(N)cc(F)cc4c(=O)[nH]3)CC2)cc1,9.1
CHEMBL4777158,N#Cc1ccc(N2CCN([C@@H]3C=C(c4cc5c(N)cc(F)cc5c(=O)[nH]4)CC3)CC2)cc1,8.3
CHEMBL5889421,CNC(=O)c1ccc(N2CCN(Cc3cc(C)c4c5c(c(=O)[nH]c4c3)CCCN5)CC2)cc1F,7.56
CHEMBL4101990,O=C1NC(=O)/C(=C/c2cn(Cc3cccc(Cl)c3)c3ccccc23)S1,5.32
CHEMBL4105580,O=C1NC(=O)/C(=C/c2cn(Cc3ccccc3Cl)c3ccccc23)S1,5.87
CHEMBL4759867,COC1CCN(C(=O)c2ccc(-c3ccc4c(Cl)cc(C(N)=O)n4n3)c(F)c2)C1,6.18
CHEMBL5542591,COc1cc(-c2nc3c(C(N)=O)cccc3[nH]2)cc(Br)c1OC(=O)C(C)(C)C,7.48
CHEMBL3593990,NC(=O)c1cccc2[nH]c(-c3ccc(-c4cncc(CN5CCCC5)c4)cc3)nc12,7.21
CHEMBL3593996,COc1cc(-c2ccc(-c3nc4c(C(N)=O)cc(F)cc4[nH]3)c(F)c2)ccc1NC(=O)C1CC1,6.01
CHEMBL3827921,Nc1ccc(-c2nc3ccccc3c(=O)[nH]2)cc1,5.89
CHEMBL336718,COc1ccc(-c2nc(O)c3ccccc3n2)cc1,5.57
CHEMBL151728,COc1cccc2c(O)nc(-c3ccc(N)cc3)nc12,5.8
CHEMBL4592442,NC(=O)c1cccc2c1O/C(=C\c1ccc(C(=O)O)cc1)C2=O,7.17
CHEMBL4515830,NC(=O)c1cccc2c1O/C(=C\c1ccc(C(=O)NCCc3nc4ccccc4[nH]3)cc1)C2=O,7.44
CHEMBL5775419,O=C(C1CCCC1)N1CCP(=O)(c2cc(Cc3n[nH]c(=O)c4ccccc34)ccc2F)CC1,5.26
CHEMBL5095043,C[C@@H](COCCC(=O)N1CCN(c2ncc(C(F)(F)F)cn2)CC1)Nc1cn[nH]c(=O)c1C(F)(F)F,7.43
CHEMBL5193246,Cc1cnc(N2CCN(CCCc3nc4c(Cl)cccc4c(=O)[nH]3)CC2)n1C,8.05
CHEMBL5176615,Cc1cnc(N2CCN(Cc3ccc4c(c3)[nH]c(=O)c3ncccc34)CC2)n1C,7.09
CHEMBL5188853,CCc1nc2ccc(CN3CCN(c4ccc(C(=O)NC)nc4)CC3)cc2[nH]c1=O,8.3
CHEMBL5987908,O=C(CCCc1nc2ccccc2c(=O)[nH]1)N1CCC(N2C(=O)C(F)(F)c3ccccc32)CC1,5.34
CHEMBL5182785,NC1CCN(Cc2ccc(-c3[nH]c4cc(F)cc5c4c3CCNC5=O)cc2)CC1,9.39
CHEMBL6045715,CC1(NC(=O)c2ccc(N3CCN(C(=O)CCc4nc(=O)c5ccccc5[nH]4)CC3)c(Cl)c2)CC1,7.54
CHEMBL1733261,O=C(CCc1nc(O)c2ccccc2n1)N1CCN(c2ccccc2Cl)CC1,6.75
CHEMBL5882424,N#Cc1ccc(N2CCN(C(=O)CCc3nc4ccccc4c(=O)[nH]3)CC2)nc1,8.22
CHEMBL5809952,N#Cc1cnc(N2CCN(C(=O)CCc3nc4ccccc4c(=O)[nH]3)CC2)s1,7.28
CHEMBL3947623,CC1(C)CC2=NNC(=O)c3cccc4c3c2c(n4CCN2CCCC2)C1,4.96
CHEMBL571285,NC(=O)c1cccc2[nH]c(-c3ccc(-c4cccnc4)cc3)nc12,7.66
CHEMBL3593982,NC(=O)c1cccc2[nH]c(-c3ccc(-c4ccc(C(=O)N5CCCC5)nc4)cc3)nc12,7.92
CHEMBL3593983,Cc1cc(C(N)=O)c2nc(-c3ccc(-c4ccc(C(=O)N5CCCC5)nc4)cc3)[nH]c2c1,4.77
CHEMBL3593992,NC(=O)c1cccc2[nH]c(-c3ccc(-c4ccc(OCCN5CCCCC5)cc4)cc3)nc12,6.14
CHEMBL3593993,NC(=O)c1cc(F)cc2[nH]c(-c3ccc(-c4ccc(NC(=O)C5CC5)cc4F)cc3F)nc12,7.08
CHEMBL3593997,COc1cc(-c2ccc(-c3nc4c(C(N)=O)cc(F)cc4[nH]3)cc2)ccc1NC(=O)C1CC1,5.22
CHEMBL3763589,O=c1[nH]nc2c3c(cccc13)NC(c1ccccc1)C2c1ccccc1,8.21
CHEMBL3764640,CN(C)Cc1ccc(C2c3n[nH]c(=O)c4cccc(c34)NC2c2ccccc2)cc1,8.23
CHEMBL3764190,CN(C)Cc1cccc(C2Nc3cccc4c(=O)[nH]nc(c34)C2c2ccccc2)c1,8.58
CHEMBL3764811,CN(C)Cc1ccc(C2Nc3cccc4c(=O)[nH]nc(c34)C2c2ccc(CN(C)C)cc2)cc1,8.41
CHEMBL3763243,O=c1[nH]nc2c3c(cccc13)NC(c1ccc(CN3CCC3)cc1)C2c1ccccc1,8.44
CHEMBL1949842,Cc1cccc2nc[nH]c(=O)c12,4.6
CHEMBL1949843,O=c1[nH]cnc2ccc(F)cc12,5.04
CHEMBL1949850,O=c1[nH]cnc2cc(C(F)(F)F)ccc12,5.12
CHEMBL1949856,O=c1[nH]cnc2c(C(F)(F)F)cccc12,4.6
CHEMBL1949857,Cc1cccc2c(=O)[nH]cnc12,5.88
CHEMBL1949860,Cc1cc(C)c2nc[nH]c(=O)c2c1,5.86
CHEMBL5904052,CN1CCCc2c1nc(N1CCN(Cc3ncccc3F)CC1)[nH]c2=O,5.08
CHEMBL5193423,NC(=O)c1cccc2[nH]c(-c3ccc(OCCCCCCC(=O)NO)cc3)nc12,7.42
CHEMBL5202850,Cc1noc(C)c1-c1ccc2c(c1)C(c1ccccc1)N(CC(=O)c1nc3c(C(N)=O)cccc3[nH]1)C(=O)N2,6.94
CHEMBL5952610,CNC(=O)c1ccc(N2CCN(Cc3ccc4c5c(c(=O)[nH]c4c3)CCCN5)CC2)cc1Cl,7.65
CHEMBL5985547,O=C(NC1CC1)c1cc(F)c(N2CCN(Cc3ccc4c5c(c(=O)[nH]c4c3)CCCN5)CC2)c(F)c1,8.01
CHEMBL5799881,O=c1[nH]c2cc(CN3CCN(c4ccccn4)CC3)ccc2c2c1CCCN2,7.85
CHEMBL5823282,Cc1cc(CN2CCN(c3ccc(C(=O)NC4CC4)cn3)CC2)cc2[nH]c(=O)c3c(c12)NCCC3,7.64
CHEMBL5923571,Cc1cc(C#N)ccc1N1CCN(Cc2cc(C)c3c4c(c(=O)[nH]c3c2)CCCN4)CC1,7
CHEMBL3983342,O=C1NN=C2CCCc3[nH]c4c(F)ccc1c4c32,4.62
CHEMBL5071826,CC[C@@H]1CN(C(=O)c2cc(Cn3c(=O)[nH]c(=O)c4ccccc43)ccc2F)CCN1C(C)=O,7.67
CHEMBL5086078,CC[C@H]1CN(C(=O)c2cc(Cn3c(=O)[nH]c(=O)c4ccccc43)ccc2F)CCN1C(C)=O,7.86
CHEMBL6033802,Cc1cc(CN2CCN(c3ncc(F)cn3)CC2C)cc2[nH]c(=O)c3c(c12)NCCC3,7.25
CHEMBL4089840,O=C(COc1cccc2c(=O)[nH]ccc12)c1ccccc1,7
CHEMBL589257,O=C(c1cc(Cc2c[nH]c(=O)c3cc(Cl)c(Cl)n23)ccc1F)N1CCN(c2ncccn2)CC1,8.51
CHEMBL596933,O=C(c1cc(Cc2c[nH]c(=O)c3cc(Cl)c(Cl)n23)ccc1F)N1CCCNCC1,8.59
CHEMBL590579,O=C(c1cc(Cc2c[nH]c(=O)c3cc(Cl)c(Cl)n23)ccc1F)N1CCC2(CC1)NCNC2=O,8.05
CHEMBL590088,O=C(c1cc(Cc2c[nH]c(=O)c3cc(Cl)c(Cl)n23)ccc1F)N1CCC2(CCN2)CC1,8.09
CHEMBL5195527,O=C(/C=C/c1cccc([N+](=O)[O-])c1)N1CCN(C(=O)c2cc(Cc3n[nH]c(=O)c4ccccc34)ccc2F)CC1,7.79
CHEMBL4282534,CC(C)C1NCCc2cc(-c3nc4c(C(N)=O)cc(F)cc4[nH]3)sc21,7.57
CHEMBL506871,C[C@]1(c2nc3c(C(N)=O)cccc3[nH]2)CCCN1,7.26
CHEMBL4279230,CN1CCc2sc(-c3nc4c(C(N)=O)cccc4[nH]3)cc2C1,6.91
CHEMBL6004981,NC(=O)c1cc(F)cc2[nH]c(N3CCN(c4ccc(C(F)(F)F)cn4)CC3)nc12,7.17
CHEMBL4449082,C[C@@H]1CN(c2cc(F)c3c(c2)N(C)C(=O)C32CCN(c3nc4c(c(=O)[nH]3)CCCN4C)CC2)C[C@H](C)O1,4.74
CHEMBL5171234,O=c1c(O)c(-c2ccc(O)c(-c3c(O)cc(O)c4c(=O)cc(-c5ccc(OS(=O)(=O)O)cc5)oc34)c2)oc2cc(OS(=O)(=O)O)cc(O)c12,6.62
CHEMBL5181770,Cc1cc(Br)cc2c(=O)[nH]c(CSc3ncccn3)nc12,5.6
CHEMBL5181091,O=C(c1ccc(Cc2n[nH]c(=O)c3cccnc23)cc1)n1cccc1,7.44
CHEMBL521686,O=C(c1cc(Cc2n[nH]c(=O)c3ccccc23)ccc1F)N1CCN(C(=O)C2CC2)CC1,7.47
CHEMBL521686,O=C(c1cc(Cc2n[nH]c(=O)c3ccccc23)ccc1F)N1CCN(C(=O)C2CC2)CC1,8.81
CHEMBL5396891,NC(=O)c1cccc2[nH]c(-c3ccc(C(=O)N4CCN(C(=O)c5ccc(Br)o5)CC4)cc3)nc12,10.64
CHEMBL5432033,O=c1[nH]c(CCCN2CCN(c3ccccc3)CC2)nc2cccc(Cl)c12,7.96
CHEMBL5283904,Nc1nn(-c2cc([N+](=O)[O-])ccc2[N+](=O)[O-])c2c1Oc1[nH]c(=O)[nH]c(=O)c1C2c1cccs1,5.44
CHEMBL5266688,Cc1nc(O)c2c(n1)Oc1[nH]c(=O)[nH]c(=O)c1C2c1cccs1,4.79
CHEMBL5073596,C[C@@H]1CN(C(=O)c2cc(Cn3c(=O)[nH]c(=O)c4ccccc43)ccc2F)CCN1CC(F)(F)F,7.8
CHEMBL5081000,CC(C)CN1CCN(C(=O)c2cc(Cn3c(=O)[nH]c(=O)c4ccccc43)ccc2F)C[C@@H]1C,8.21
CHEMBL5083752,CC[C@H]1CN(C(=O)c2cc(Cn3c(=O)[nH]c(=O)c4ccccc43)ccc2F)CCN1CC,7.3
CHEMBL3924658,CN(C)C1(C(=O)N2CCN(C(=O)c3cc(Oc4n[nH]c(=O)c5ccccc45)ccc3F)CC2)CC1,8.22
CHEMBL578185,NC(=O)c1cccc2[nH]c(-c3ccc(-c4ccccc4)cc3)nc12,6.15
CHEMBL1173055,CNCc1ccc(-c2[nH]c3cc(F)cc4c3c2CCNC4=O)cc1,8.33
CHEMBL506871,C[C@]1(c2nc3c(C(N)=O)cccc3[nH]2)CCCN1,8.22
CHEMBL5968450,COC(=O)c1ccc(C(=O)C2CCN(C(=O)CC(C)(C)Cc3nc4c(C)cccc4c(=O)[nH]3)CC2)cc1C,5.5
CHEMBL5979326,COC(=O)c1cccc(C(=O)C2CCN(C(=O)C[C@@H](C)Cc3nc4c(C)cccc4c(=O)[nH]3)CC2)c1,6.1
CHEMBL5843173,NC(=O)c1cccc2[nH]c(N3CCN(c4ncc(N)cn4)CC3)nc12,7.01
CHEMBL5844088,N#Cc1cnc(N2CCN(c3nc4c(C(N)=O)cc(F)cc4[nH]3)CC2)cn1,8.52
CHEMBL4761828,NC(=O)c1cc(Cl)c2ccc(-c3ccc(CN4CCN(c5ccc(C(F)(F)F)cc5)CC4)cc3)nn12,5.48
CHEMBL3589284,CN1CCCc2c1cc(-c1ccc(Cl)cc1)[nH]c2=O,5.7
CHEMBL5408263,O=c1[nH]nc(Cc2ccccc2)c2ccc(O)cc12,5.68
CHEMBL5434068,Cn1c(COc2ccc3c(=O)[nH]nc(Cc4ccc(F)c(C(=O)N5CCN(C(=O)C6CC6)CC5)c4)c3c2)cnc1[N+](=O)[O-],6.97
CHEMBL4868967,O=C(c1cc(Cc2n[nH]c(=O)c3ccccc23)ccc1F)N1CCC(c2nc3ccccc3[nH]2)CC1,9.2
CHEMBL4860422,O=C(c1cc(Cc2n[nH]c(=O)c3ccccc23)ccc1F)N1CCn2c(nc3ccccc32)C1,9.31
CHEMBL4848834,O=C(c1cccnc1)N1CCN(Cc2c(O)cc(O)c3c(=O)cc(-c4ccc(O)cc4)oc23)CC1,7.58
CHEMBL4853039,O=C(c1ccco1)N1CCN(Cc2c(O)cc(O)c3c(=O)cc(-c4ccc(O)cc4)oc23)CC1,7.86
CHEMBL4874308,O=c1cc(-c2ccc(O)cc2)oc2c(CN3CCN(CC4CCCO4)CC3)c(O)cc(O)c12,7.39
CHEMBL4862834,O=c1cc(-c2ccc(O)cc2)oc2c(CN3CCN(c4ccc(O)cc4)CC3)c(O)cc(O)c12,7.4
CHEMBL4865987,O=c1cc(-c2ccc(O)cc2)oc2c(CN3CCN(c4ccc(C(F)(F)F)cc4)CC3)c(O)cc(O)c12,7.3
CHEMBL4865897,Cc1c(CN2CCN(C(=O)c3cc4cccc(C(N)=O)c4o3)CC2)sc2c(N3CCOCC3)nc(-c3ccc(N)cc3F)nc12,7.4
CHEMBL3929705,O=C1NN=C2CCCc3[nH]c4cc(F)cc1c4c32,8.22
CHEMBL3916191,CN(C)c1ccc(C2CC3=NNC(=O)c4cc(F)cc5[nH]c(c3c45)C2)cc1,7.59
CHEMBL3914932,CC1(C)CCc2[nH]c3cc(F)cc4c3c2C1=NNC4=O,8.28
CHEMBL3898162,O=C1NN=C2CCCc3c2c2c1cccc2n3CCN1CCCC1,7.96
CHEMBL3930740,CCCN1CC2=NNC(=O)c3cccc4[nH]c(c2c34)C1,8.08
CHEMBL3663644,Cn1c2cccc(C(N)=O)c2c(=O)n1C1CCNCC1,7.3
CHEMBL3663650,Cn1c2cc(F)cc(C(N)=O)c2c(=O)n1C1CCN(C2CCCCC2)CC1,7.82
CHEMBL3663651,NC(=O)c1cc(F)cc2[nH]n(C3CCN(C4CCCCC4)CC3)c(=O)c12,6.47
CHEMBL3663652,NC(=O)c1cccc2[nH]n(C3CCN(CC4CCCCC4)CC3)c(=O)c12,7.02
CHEMBL3663653,Cn1c2cccc(C(N)=O)c2c(=O)n1C1CCN(CC2CCCCC2)CC1,6.72
CHEMBL3663655,Cn1c2cccc(C(N)=O)c2c(=O)n1C1CCN(CC2CC=CCC2)CC1,7.36
CHEMBL3629672,O=C1NCCc2ccc(F)cc21,4
CHEMBL3629675,O=C1NCCc2ccc(C(F)(F)F)cc21,4
CHEMBL3959368,O=C(c1cc(Oc2n[nH]c(=O)c3ccccc23)ccc1F)N1CCN(C(=O)c2ccccc2[N+](=O)[O-])CC1,7.82
CHEMBL3897483,COc1ccc(C(=O)C2CCN([C@H]3CCN(Cc4nc5c(c(=O)[nH]4)COCC5)C3=O)CC2)cc1,4.68
CHEMBL3644572,O=c1[nH]nc2c3c(cccc13)N=C(CNCCc1cccc(C(F)(F)F)c1)N2,7.75
CHEMBL506871,C[C@]1(c2nc3c(C(N)=O)cccc3[nH]2)CCCN1,8.83
CHEMBL4578950,NC(=O)c1cccc2c1O/C(=C\c1ccc(C(=O)N3CCN(c4ccccn4)CC3)cc1)C2=O,7.18
CHEMBL4457849,COc1ccnc(N2CCN(C(=O)c3ccc(/C=C4\Oc5c(C(N)=O)cccc5C4=O)cc3)CC2)n1,7.18
CHEMBL4575227,NC(=O)c1cccc2c1O/C(=C\c1ccc(C(=O)N3CCn4c(nnc4C4CC4)C3)cc1)C2=O,7.57
CHEMBL4470680,NC(=O)c1cccc2c1O/C(=C\c1cccc(C(=O)N3CCn4c(nnc4C(F)(F)F)C3)c1)C2=O,7.38
CHEMBL4544913,NC(=O)c1cccc2c1O/C(=C\c1cccc(C(=O)NCCc3nc4ccccc4[nH]3)c1)C2=O,7.07
CHEMBL4576573,COc1ccc2[nH]c(CCNC(=O)c3ccc(/C=C4\Oc5c(C(N)=O)cccc5C4=O)cc3)nc2c1,7.55
CHEMBL4529965,NC(=O)c1cccc2c1O/C(=C\c1ccc(C(=O)NCCc3nc4c(C(N)=O)cccc4[nH]3)cc1)C2=O,8.4
CHEMBL4474593,NC(=O)c1cccc2c1O/C(=C\c1ccc(C(=O)N3CCN(c4nc5ccccc5[nH]4)CC3)cc1)C2=O,7.77
CHEMBL3644611,O=c1[nH]nc2c3c(cccc13)N=C(CN1CCCN(S(=O)(=O)c3ccc(-c4ccccc4)cc3)CC1)N2,7.66
CHEMBL4159311,O=C(c1cc(Cc2n[nH]c(=O)c3ccccc23)ccc1F)N1CCC12CNC2,6.28
CHEMBL5277254,Cc1ncc2c(=O)[nH]c(-c3ccc(C(C)(C)C)cc3)cn12,4.55
CHEMBL5281076,Cc1ccc2c(=O)[nH]c(-c3ccc(C(C)(C)OCCO)cc3)cn12,6.16
CHEMBL2440673,O=C(CSc1nc2sc3c(c2c(=O)[nH]1)CCC3)N(CCO)CCO,6.25
CHEMBL5208255,CCN(CC)Cc1ccc(-c2[nH]c3cc(F)cc4c3c2CCNC4=O)cc1,9.21
CHEMBL5197357,NC1CCN(Cc2cccc(-c3[nH]c4cc(F)cc5c4c3CCNC5=O)c2)CC1,9.02
CHEMBL1173055,CNCc1ccc(-c2[nH]c3cc(F)cc4c3c2CCNC4=O)cc1,9.1
CHEMBL5884709,CC(C)(CC(=O)N1CCC(C(=O)c2ccc(C(=O)O)cc2)CC1)Cc1nc2ccccc2c(=O)[nH]1,4.77
CHEMBL4438977,C=CCSc1nnc(-c2cc3ccccc3[nH]2)n1-c1ccccc1,5.62
CHEMBL3929005,COc1ccc(C(=O)C2CCN(C3CCN(Cc4nc5c(c(=O)[nH]4)COCC5)C3=O)CC2)cc1,5.03
CHEMBL4208996,Cc1cc(-c2nnc(-c3ccccc3Cl)o2)c2[nH]c(=O)c3ccccc3c(=O)c2c1,7.29
CHEMBL4215482,Cc1cc(-c2nnc(/C=C/c3ccccc3)o2)c2[nH]c(=O)c3ccccc3c(=O)c2c1,6.35
CHEMBL1173055,CNCc1ccc(-c2[nH]c3cc(F)cc4c3c2CCNC4=O)cc1,7.58
CHEMBL4760246,NC(=O)c1cc(Cl)c2ccc(-c3ccc(CN4CCN(C5CC5)CC4)cc3)nn12,5.96
CHEMBL4785360,COC1CCN(C(=O)c2ccc(-c3ccc4c(Cl)cc(C(N)=O)n4n3)c(F)c2)CC1,6.94
CHEMBL521686,O=C(c1cc(Cc2n[nH]c(=O)c3ccccc23)ccc1F)N1CCN(C(=O)C2CC2)CC1,8.28
CHEMBL2419711,O=C(CCc1ccccc1)N(Cc1nc2ccccc2c(=O)[nH]1)Cc1cccs1,4.74
CHEMBL4174370,O=C(c1cc(Cc2n[nH]c(=O)c3ccccc23)ccc1F)N1CCC2(C1)CN(C(=O)C1CC1)C2,5.6
CHEMBL4177163,O=C(C1CC1)N1CCC2(CC1)CCN2C(=O)c1cc(Cc2n[nH]c(=O)c3ccccc23)ccc1F,6.37
CHEMBL3092517,CC(NC(=O)CCc1nc2ccccc2c(=O)[nH]1)c1ccc(S(N)(=O)=O)cc1,5.82
CHEMBL3092544,CC[C@H](NC(=O)CCc1nc2ccccc2c(=O)[nH]1)c1ccccc1,6.85
CHEMBL4847220,O=c1cc(-c2cccc(-c3c(O)cc(O)c4c(=O)cc(-c5ccc(O)c(O)c5)oc34)c2)oc2cc(O)cc(O)c12,6.19
CHEMBL521686,O=C(c1cc(Cc2n[nH]c(=O)c3ccccc23)ccc1F)N1CCN(C(=O)C2CC2)CC1,8.29
CHEMBL3137320,Cn1ncnc1[C@H]1c2n[nH]c(=O)c3cc(F)cc(c23)N[C@@H]1c1ccc(F)cc1,9.24
CHEMBL3644578,O=c1[nH]nc2c3c(cccc13)N=C(CN1CCCNCC1)N2,7.39
CHEMBL3644581,O=c1[nH]nc2c3c(cccc13)N=C(CN1CCN(c3ccccn3)CC1)N2,7.89
CHEMBL3644596,O=c1[nH]nc2c3c(cccc13)N=C(CN1CCCN(S(=O)(=O)c3cccc(C(F)(F)F)c3)CC1)N2,7.96
CHEMBL3644613,CC(C)(C)OC(=O)NCC1=Nc2cccc3c(=O)[nH]nc(c23)N1,7.33
CHEMBL3644615,O=c1[nH]nc2c3c(cccc13)N=C(CNS(=O)(=O)c1ccccc1)N2,7.52
CHEMBL3764829,CN1CCN(Cc2ccc(C3Nc4cccc5c(=O)[nH]nc(c45)C3c3ccccc3)cc2)CC1,8.7
CHEMBL3764980,CC(C)C1c2n[nH]c(=O)c3cccc(c23)NC1c1ccccc1,5.38
CHEMBL3763370,Cn1ccnc1C1c2n[nH]c(=O)c3cc(Cl)cc(c23)NC1c1ccccc1,8.21
CHEMBL3649718,CN1CCCc2c1c1cc(OC3CCNCC3)ccc1[nH]c2=O,5.42
